question,total_token_counts
"저는 싱글 맘인데, 최근에 수술을 받아서 아이를 돌볼 수 없는 상황이에요",3633
"저는 혼자 살고 있는 노인인데, 최근에 몸이 안 좋아졌어요",3095
"저는 장애인이고, 갑작스럽게 간병인이 병원에 입원해 필요한 일상 생활 도움이 매우 급하게 필요해요",3230
"저는 최근에 심각한 질병을 진단받았는데, 치료 동안 침대에 누워야 해요",2403
"저희 아이가 학교에서 코로나19에 노출되었고, 이번 주 동안 자가격리를 해야 해요",2624
"나는 직장을 다니는 부모이며, 아이 돌보기와 일상 생활을 균형잡기 힘들어요",3554
최근에 장애가 생겨서 일상 생활을 혼자서 처리하는 게 힘들어요,3092
"나는 혼자 사는 노인이고, 종종 외로움과 고립감을 느껴요",3039
나의 노인 부모님은 의료적 관리와 일상 활동 지원이 필요해요,3359
최근에 일자리를 잃었고 경제적으로 힘들어요,2479
"최근에 결혼했고, 배우자와 의사소통 문제가 있어요",1697
"저는 새로운 부모이며, 아기를 돌보는 책임에 압도되는 느낌이 들어요",2794
"저는 어른이 된 부모님이 함께 살고 있는데, 직장과 가족을 동시에 관리하는 것이 어려운 때가 있어요",3748
우리 가족은 많은 갈등과 긴장감이 있는 가정입니다,2034
"저는 제 문화적 유산에 대해 더 알고 싶고, 가족 구성원간의 유대감을 강화하고 문화적 정체성을 강화하는 활동에 참여하고 싶어요",1524
나는 한 부모로서 아이를 혼자 키우는 도중에 어려움을 겪고 있어요,3858
제 파트너와 저는 어떻게 자녀를 양육해야 할지에 대해 계속 논쟁하고 있어요,3172
최근에 직장을 잃어서 가족을 경제적으로 지원하는 데 어려움을 겪고 있어요,1584
"요즘 제 기분이 매우 외로워지고 있는데, 비슷한 경험을 한 사람들과 소통하고 싶어요",1863
"저는 임신한 상태이고, 전반적으로 불안하고 잘 모르는 상태인데요",1872
나는 혼자 아이를 양육하고 책임을 다루는데 어려움을 겪고 있어,4051
나는 제한된 자원을 가진 젊은 미혼 엄마이며 임신 및 출산 후 보호에 도움이 필요해,3624
나는 최근에 싱글 부모가 되어 안정된 집을 제공하기 위해 주거 지원이 필요해,3394
나는 젊은 싱글 어머니이며 아이를 경제적으로 지원하기 위해 취업 기회가 필요해,2588
젊은 싱글 부모로서 압도되는 느낌이 들어 상담이나 치료가 정말 필요해,3385
제가 아이를 양육하는 데 어려움을 겪고 있는 싱글 부모입니다,3518
최근에 일자리를 잃어서 아이의 교육비를 어떻게 마련할지 모르겠어요,3068
나이가 어린 싱글 부모로서 토들러를 키우는 경비에 도움이 필요해요,3711
장애 아이를 키우는 싱글 부모로서 추가 비용에 어려움을 겪고 있습니다,3425
사위로부터 지원받기 어려워 생계를 유지하면서 손주를 돌보는 것이 어렵습니다,2400
내가 돈 많이 필요한 싱글 부모로서 아이의 교육비를 감당하는게 힘들어,2772
나의 노인 부모님은 혼자 살고 있어서 일상 생활에서 도움이 필요해,2294
최근에 일자리를 잃어서 월세를 낼 수가 없어,1819
나는 장애가 있어서 적합한 일자리 찾는데 도움이 필요해,2006
정신 건강 문제로 고민하는 대학생이고 상담이 필요해,2444
최근에 한 부모가 되어서 가족을 위한 저렴한 주택을 찾는데 어려움을 겪고 있어요,7547
저는 저소득 계층이고 집을 처음으로 소유한 적이 없어요,5433
"좁은 예산으로 생활하는 한 부모이고, 지역의 높은 임대료를 감당할 수 없어요",2261
공공 주택 신청을 하려고 하는데 어떻게 시작해야 할지 잘 모르겠어요,7085
"저는 주택 매입에 관심이 있지만, 저소득자로서 과정을 어떻게 진행해야 할지 안내가 필요해요",3272
나는 아이를 부양하기 힘들어하는 싱글모이야,3459
"나는 어린 아이와 함께 하는 싱글맘인데, 양육의 책임에 압도됐어요",3763
난 싱글 아빠인데 요새 일자리를 잃었어요,4140
딸이 감정적인 문제로 고통 받고 있어요,3967
"나는 장애를 가진 싱글 부모이고, 아이의 요구를 충족시키기 힘들어해요",4400
제가 한 부모로서 아이의 경제적인 필요를 충족시키기가 어렵습니다,2586
"노인 부모님이 최근에 돌아가셨고, 저는 동생들을 돌봐야하는 책임이 있어요",3602
"저는 장애인으로, 적합한 일자리를 찾기 위해 지침과 지원이 필요합니다",1660
저는 가정 폭력의 피해자로서 가해자에 대한 영구 보호처분 수립을 도와달라고 도움이 필요합니다,1697
전 소득이 적어서 음식과 주거와 같은 기본 필요품을 어렵게 구할 수 있습니다,2755
나는 한 부모이고 아이를 혼자 양육하기 힘들어,2108
나는 최근에 일자리를 잃어서 아이의 교육비를 내기가 힘들어,3986
나는 장애를 가지고 있어서 재정적으로 독립하기 위해 추가적인 지원이 필요해,3090
나는 소득이 적어서 의료비를 갚을 돈이 없어,1818
나는 보호자의 보호 아래 자라느라 젊은 성인으로서 독립 생활에 어려움을 겪고 있어,2769
"4살 아이와 함께 혼자서 사는 싱글맘인데, 어린이돌봄비용을 감당하기 힘들어요",3832
"새로운 도시로 이사를 왔는데, 3살 아이와 함께 적합한 유치원을 찾는데 도움이 필요해요",3885
"제 아이는 2살인데, 저는 현재 실직 상태입니다",4543
우리 가족은 최근 이민을 왔는데 정착에 어려움을 겪고 있어요,1657
저는 근로자로서 1~2살 아이를 키우고 있는데 어린이돌봄비용이 예산을 초과합니다,4714
저는 어려운 상황에서 말끔히 끝마치기 위해 고군분투하는 싱글 부모입니다,2171
"저는 최근에 일자리를 잃어버렸고, 새로운 일자리를 찾는 데 어려움을 겪고 있습니다",2030
제 노인 부모님은 집에서 자신들을 돌보기가 어려움을 겪고 있습니다,2157
저는 장애가 있어서 일하기 위해서는 어떤 조치들이 필요합니다,2485
"난 저소득 가정에서 온 학생이며, 교육 비용 지원이 필요합니다",2968
최근에 일자리를 잃어서 생활이 어렵습니다,2194
소득이 적어서 적절한 주택을 구하기가 어렵습니다,3244
저는 싱글 부모이고 제 아이의 교육을 제공하는 것이 어렵습니다,3910
장애로 인해 일할 수 없고 의료비를 지원받을 방법이 필요합니다,1951
한국인 배우자와 결혼해서 처자의 부모님을 돌볼 때 어려움을 겪고 있습니다,1805
나 최근에 일자리를 잃어서 생활에 어려움을 겪고 있어,1897
나 만성질환을 가지고 있는데 의료비가 너무 부담스러워,1863
우리 가족이 자연재해로 인해 집을 잃었어,1518
나는 혼자 자녀들의 교육을 제공하는 데 어려움을 겪고 있어,1946
"최근에 어르신의 주요 간병인이 되었지만, 그들의 요구를 충족시키기 어렵다고 느껴",1917
"나는 최근에 한국으로 이사 왔는데, 언어와 문화에 적응하기가 힘들어요",1548
"저는 한국 사회에 대해 더 잘 이해하고 싶은데, 장기적으로 여기에서 살 계획이 있어요",2099
몇 년 동안 한국에 살고 있지만 아직 한국어에 어려움을 겪고 있어요,1834
"최근에 한국 시민권을 얻었는데, 특정 프로그램을 완료하면 혜택을 받을 수 있다는 소문이 있어요",1535
"한국에 사는 외국인인데, 한국의 역사와 문화에 대해 더 알고 싶어요",1755
"최근에 새로운 나라로 이사를 와서, 내 아이들이 현지 학교에 적응하기 어렵습니다",2042
저는 초등학교에 다니는 아이의 부모입니다,1848
제 딸은 난민 학생으로 고등학교 교육에서 어려움을 겪고 있습니다,2851
저는 최근 이민을 온 아이를 키우고 있습니다,4191
제 아들은 공립 중학교에 다니며 한국어에 어려움을 겪고 있습니다,1958
새로운 도시로 이사를 왔는데 사람들과 연결할 수 있는 공동체를 찾는 데 어려움을 겪고 있어요,1921
최근에 일자리를 잃어서 고용을 찾는 데 어려움을 겪고 있어요,2074
저는 한 부모이고 어린이 돌봄에 도움이 필요해요,3524
저는 장애가 있어서 독립적으로 살 수 있는 자원을 찾고 있어요,1757
저는 학생이고 교육을 위한 재정 지원이 필요해요,1858
최근에 새로운 나라로 이사를 왔는데 문화적 차이에 적응하는 게 어려워요,1486
저는 방금 아기를 낳았는데 아이 돌봄을 도와줄 사람이 없어요,2946
저는 오랜 시간 동안 실업 상태인데 일자리를 찾는 데에 도움이 필요해요,1751
우리 가족은 각기 다른 문화적 배경을 갖고 있어서 커뮤니케이션에 어려움을 겪고 있어요,1433
"저는 최근에 장애를 가지게 되었는데, 일상 생활의 다양한 측면에서 도움이 필요해요",2363
"나는 최근에 한국에 이사 왔는데, 언어를 못해서 다른 사람들과 소통하기가 어려워",1405
"저는 새로운 부모이고, 제 아이를 올바르게 돌봐야 할지 모르겠어요",4106
"3세에서 12세 사이의 아이를 키우고 있는데, 그들이 사회화하고 기술을 발달시킬 기회가 필요해요",4120
"제 아이는 다른 나라에서 최근 이민 온 다문화 가정이에요, 그리고 그들은 새로운 환경에 적응하는 데 어려움을 겪고 있어요",2004
"저는 결혼한 이민자로 한국에 5년 이하로 거주하고 있고, 언어 교육, 육아, 한국 문화에 적응하는 등의 다양한 측면에서 도움이 필요해요",1578
나는 최근에 새로운 도시로 이사를 왔는데 취업을 찾는데 어려움을 겪고 있어요,3892
제 할머니가 알츠하이머병을 앓고 있어서 집에서 돌보는 것이 점점 어려워지고 있어요,3345
저는 소득이 적은 단부모로서 아이에게 기본적인 필요물품을 제공하는데 어려움을 겪고 있어요,2607
"저는 최근에 장애가 있다는 진단을 받았고, 의료 시스템을 이해하는 것이 어려워요",2740
저는 곧 고등학교를 졸업하게 될 학생이고 앞으로 어떤 직업을 선택해야 할지 전혀 감이 없어요,3064
나는 최근에 이 나라로 이민 왔어요,1917
"나는 혼자서 아이를 키우고 있는 싱글 맘인데, 아이를 지원하기 위해 재정적인 도움이 필요해요",3664
나는 최근에 장애로 진단 받았어요,3047
"나는 노인이고, 외로움을 느끼고 있어요",3195
"나는 저소득 개인이고, 식품과 주거와 같은 기본 생필품을 어려워해요",3459
"최근에 한국으로 이주했는데, 배우자가 한국 국적인데요",2212
"가정 폭력의 피해자이고, 즉각적인 도움이 필요해요",2310
저희 가족은 갈등과 긴장으로 어려운 시기를 겪고 있어요,1607
"한국어를 유창하게 구사하지 못하고, 다른 사람들과 소통하는 데 어려움이 있어요",1909
"위기 상황에 처해 있고, 임시로 머물 수 있는 안전한 장소가 필요해요",2142
"나는 싱글맘이고, 도움을 청할 사람이 없어요",3216
저는 최근에 일자리를 잃어서 가계를 꾸리고 가족을 지원하는 게 어려워졌어요,2328
"저는 장애를 가진 학생이고, 학업에서 성공하기 위해 추가적인 도움이 필요해요",2291
"저는 노인이고, 자주 외로움을 느끼고 고립되어 있는 기분이에요",3038
"저는 가정 폭력 생존자이고, 다음 단계를 생각하면서 안전한 곳에 머물 수 있는 도움이 필요해요",2444
요즘 정말로 압도되는 기분이 들어,2272
최근에 일자리를 잃어서 생활을 꾸려가기 힘들어,2311
가정 폭력의 피해자인데 어디로 도움을 청해야 할지 모르겠어,2315
장애가 있어 일상 생활에서 도움이 필요해,2337
최근 이민 왔는데 여기에서 적응하기가 어려워,1265
상담사에게 제한된 시간이 있다는 게 알았어요,1680
저는 가정 폭력의 피해자이고 위기 상황을 대처하기 위한 도움이 필요해요,2345
제 아이가 성적 학대를 당한 것 같아요,3000
저는 성 착취의 피해자이고 법적 및 의료적 지원이 필요해요,2367
저는 과거의 성 폭력 경험으로 인해 지속적인 트라우마를 겪고 있어요,2492
"나는 부모이고, 내 아이가 성학대의 피해자일 가능성이 있다고 의심하고 있어요",2648
"최근에 (정신적 외상)를 경험했고, 감정적으로 대처하기가 어려워요",2389
"나는 가족 내 폭력의 피해자이고, 어떻게 나를 보호할지에 대한 법적 조언이 필요해요",2325
나는 장애를 가지고 있어서 취업에 대한 도움이 필요해요,3031
저는 기본적인 생활 필요물을 충족시키기 힘든 저소득자입니다,4525
저 최근에 직장을 잃었어요,2082
저는 가정 폭력의 피해자이고 이 상황에서 벗어나는 데 도움이 필요해요,2345
저는 사이버 괴롭힘을 당하고 있는데 이게 정말로 제 정신 건강에 영향을 주고 있어요,2916
저는 신체적인 장애가 있어 일상 생활에서 도움이 필요해요,2932
"저는 최근에 심각한 질병으로 진단을 받았고, 이게 저를 압도하고 있어요",2623
"가정 폭력의 피해자로서, 감정적으로나 육체적으로 인한 여파에 대해 도움이 필요해요",2322
"저는 혼자 부모이고, 제 자신과 아이들의 의료비를 감당하는 데 어려움을 겪고 있어요",3008
집에서 학대를 경험하고 있어요,1633
"최근에 가정 폭력의 피해자가 되었는데, 어디로 도움을 구해야 할지 잘 모르겠어요",2327
"학대 관계에 있고, 이로 인해 정신 건강에도 영향을 받고 있어요",3474
가정 폭력 피해자로서 법적 도움이 필요해요,2304
"저는 성폭행을 당했고, 다음에 무엇을 해야 할지 모르겠어요",2450
누군가가 저를 쫓아다니고 있어서 무서워요,1560
저는 한국에 거주하는 외국 여성입니다,1540
가정 폭력과 관련된 민사나 형사 소송 제기에 도움이 필요해요,1737
최근에 새로운 도시에 이사를 왔는데 숙소가 없어요,2627
제 아이는 특수 교육이 필요한데 적절한 지원을 찾기 어렵습니다,2174
부모님이 만성 질환을 진단받아 일상 생활에서 도움이 필요합니다,3513
일자리를 잃어서 세입자료를 낼 걱정이 있습니다,1857
범죄의 피해자가 되어서 혼란스럽습니다,2083
최근에 내 친구가 강요로 인해 원하지 않는 일을 하게 하는 것을 알게 되었어요,2940
제 여동생이 즉각적인 보호와 상담이 필요한 상황에 있어요,2222
제 외국인 친구가 성착취의 피해자가 되었다는 사실을 알게 되었어요,2277
성착취 피해자들을 지원하고 사회복귀를 도울 수 있는 방법이 있을까요? 제가 도울 수 있을까요?,2863
성착취 피해를 입은 청소년을 알고 있어요,3466
최근에 직장에서 사고를 당해서 부상 때문에 일을 할 수가 없어요,2183
제 가족 중 한 명이 일과 관련된 사고로 사망했어요,1846
만성 질병으로 장기간 치료와 간호가 필요해요,2806
"직장에서 사고로 인해 장애가 발생했고, 일 할 능력에 큰 영향을 미치고 있어요",2455
제 직장은 일과 관련된 상해에 대한 보험 보상을 제공하지 않아요,2957
최근에 직장에서 다쳐서 의료비가 쌓이고 있어요,1405
저희 가족이 경제적으로 어려운 시기를 겪고 있어서 기본 생활비를 감당하기 힘들어요,2799
제가 일할 수 없는 장애가 있어서 생계 유지에 어려움을 겪고 있어요,5033
방금 일자리를 잃고 다시 취업을 찾는데 어려움을 겪고 있어요,2075
"저는 양육비를 혼자 내야하는 싱글 부모이고, 혼자 수입으로 자녀들의 생활을 유지하기 어려워요",2609
직장에서 다쳤는데 일상생활에 어려움을 겪고 있어요,1921
"아버지가 심한 호흡기 질환을 앓고 계셔서 특별한 돌봄이 필요한데, 그런 곳이 있을까요?",2388
"직장에서 발생한 장애로 인해 전문 보호 서비스가 필요한데, 어디서 도움을 받을 수 있을까요?",1362
동료가 직장 안전사고를 당해서 일상 생활에 어려움을 겪고 있어요,2002
만성 폐질환을 앓고 있어서 일상생활에서 도움이 필요해요,3152
"최근에 직장에서 다쳐서 치료를 받았는데, 잠재적인 합병증에 대해 걱정이 되네요",1490
"최근 일 때문에 스트레스와 압박감을 느끼고 있어서, 정신적 건강을 관리하는 데 도움이 필요합니다",1847
"나는 부모님을 돌보는 간병인이고, 체력적으로나 정신적으로 지칠 것 같아요",1955
일자리를 잃어서 경제적으로 고민이 많아요,3003
"최근에 새 도시로 이사를 왔는데, 예산 내에서 적절한 주택을 찾는 게 어려워요",5457
최근에 직장에서 다쳐서 일자리가 없어졌어요,2085
장애가 있어서 내 맞는 일자리를 찾는 게 어려워요,1643
"규모 축소로 인해 일자리를 잃었고, 같은 분야에서 다른 일자리를 찾기가 어려워요",2181
저는 한부모 가정이어서 제 아이의 교육에 도움이 필요해요,2245
자기 사업을 시작하고 싶은데 어디서부터 시작해야 할지 모르겠어요,3290
최근에 직장에서 다쳐 휴가를 갔었어요,2775
저는 장애를 가지고 있어서 저에게 맞는 일자리를 찾기가 어려워요,2098
저는 코로나로 인해 일자리를 잃었는데 새로운 일자리를 찾는 것이 어려워요,2515
"저는 한 부모이고, 아이 돌보미가 필요해서 일할 수 있어요",3825
"저는 노인이고, 집에서 외로움을 느껴요",2224
최근 직장 사고가 발생하여 감정적으로 대처하기가 매우 어려워요,1443
직장에서 다쳤으니까 불안하고 스트레스 받는 느낌이에요,1855
직장 사고 이후로 희망을 찾기가 어렵고 일상에 적응하기도 어려워요,3116
직장에서 다쳤기 때문에 심리적인 도움이 필요한 것 같아요,1419
직장 사고 이후 재활에 도움이 되는 프로그램이나 활동이 있는지 궁금해요,2217
최근에 일 중에 다쳐서 일상생활에 어려움이 있어요,3166
저는 신체적인 장애가 있어서 이동에 도움이 필요해요,1795
만성 허리 통증이 있어서 의사가 지원을 받으면 좋을 것 같다고 했어요,1909
사고로 팔을 절단했고 일상적인 작업을 위한 적합한 해결책을 찾아야 해요,1620
무릎을 다쳤고 의사가 보행보조기가 필요할 수도 있다고 했어요,2561
최근에 직장에서 다쳤어요,3028
"소규모 사업을 운영하고 있고, 50명 이하의 직원이 일 중 다쳤어요",2118
"소규모 사업을 운영하고 있는데, 한 명의 직원이 일 중 다친 상황이 발생했어요",2735
"50명 이하의 직원이 있는 회사에서 일하고 있는데, 동료가 직장에서 다쳤어요",1617
우리 직장에서 한 동료가 사고를 당해 장기간 휴가를 갖게 될 예정이에요,2655
"저는 외딴 해안 지역에 살고 있고, 저는 저소득 싱글 부모입니다",2263
"나는 작은 마을에 거주하는 노인이고, 한정된 재정 자원을 가지고 있어요",1294
"저는 최근에 출산을 했는데, 신생아 돌보기와 가사 일을 균형잡기 어렵습니다",3278
"저는 다문화 가정에서 왔고, 일상 생활에서 독특한 어려움에 직면하고 있어요",1751
저는 장애가 있어서 가사 일과 일상 활동을 관리하는 게 점점 어려워지고 있어요,2134
"저 최근에 사업을 시작했는데, 모든 서류 작업과 재무 관리에 어려움을 겪고 있어요",2545
요즘 정말 스트레스를 많이 받고 지쳤어요,3206
저는 신체적인 장애가 있어서 이동과 특정 장소 접근에 어려움을 겪고 있어요,2476
"제가 새로운 부모가 되었는데, 아기 돌봄에 대해 정말 많은 질문이 있어요",3825
"저는 어렵고 복잡한 이혼을 겪고 있는데, 법률적인 조언이 필요해요",1639
"저는 시골에 살고 있는데, 오래되고 황폐한 집이 있어요",4850
"저는 시골로 이사를 계획하고 있는데, 거기에는 집이 없어요",4910
"저는 농부이고, 농업 종사자들을 위한 주택을 제공하고 싶어요",7818
"저는 도시에서 시골로 이사를 가고 농업 사업을 시작하려고 하는데, 거기에는 집이 없어요",2103
저는 농업 분야에서 고용되는 외국인 근로자이고 시골 지역에서 숙소가 필요해요,4528
"최근에 작은 섬으로 이사를 왔는데, 일과 다른 약속 때문에 매번 본토로 자주 이동해야 해요",1578
"저는 외딴 섬에 살고 있는데, 의료 검진을 받으러 본토로 자주 가야 하는데 페리 티켓값이 너무 비싸서 어려움을 겪고 있어요",2351
저는 다리나 터널로 연결되지 않은 섬에 거주하고 있어요,3132
"저는 외딴 섬에서 소규모 사업을 운영하고 있는데, 차량을 이용하여 상품을 운송해야 하는데 페리 운임비용이 경제적으로 어려운 부담이 되고 있어요",1509
"외딴 섬의 새로운 거주민으로서, 승객 및 차량 운송을 위한 페리 운임비용이 매우 부담스러워 적응하기 어렵습니다",1868
나는 작은 영농 사업을 하고 있는 농부입니다,2840
"나는 어부이고, 금전적 상황을 개선하기 위해 도움을 필요로 해요",2252
"나는 산림 작업자이고, 미래를 위해 돈을 절약할 방법을 찾고 싶어요",2387
"나는 작은 농장을 소유하고 있고, 농업 활동을 유지하기 위해 금전적 지원이 필요해요",2654
"나는 농업 종사자이고, 퇴직을 위해 돈을 저축하고 싶어요",2969
저는 시골에서 살고 있는데 어린 아이를 돌볼 수 있는 보육 시설이 필요합니다,1623
저는 장애가 있어서 일상 생활을 도와줄 수 있는 지원이 필요합니다,2280
저는 노인이고 가정 수리를 도와줄 사람이 필요합니다,2539
저는 실업자이고 취업 도움이 필요합니다,2598
저는 저소득층으로 음식을 어렵게 구매해야 합니다,2095
나는 싱글 부모이고 긴 시간 동안 일해서 어린이를 돌보기 위한 시간을 찾기 어렵습니다,3447
최근에 일자리를 잃었고 새로운 일자리를 찾는데 어려움을 겪고 있습니다,2259
"노인 부모님이 혼자 살고 있고, 요리와 청소와 같은 일상 생활에 어려움을 겪고 계십니다",1845
나는 장애가 있어 독립 생활을 위해 지원이 필요합니다,2237
나는 저소득 가정이며 음식과 옷과 같은 기본적인 필요품을 어려움을 겪고 있습니다,2691
저는 방금 아기를 낳았고 시골에 살고 있어요,3459
제 부모님은 농촌 지역에 거주하고 있고 일상 생활에서 도움을 받아야 해요,2567
저는 최근에 시골 지역으로 이사를 왔는데 주변에 의료 서비스를 이용하기가 어려워요,2531
저는 시골 마을에서 장애인으로 살고 있어요,2180
농부로서 일과 아이 돌보는 것을 조화롭게 하기가 어려워요,1610
저는 시골 지역에 살고 있고 유치원에서 대리 교사로 일하고 있어요,3658
제 아이가 특수 요구를 갖고 있어서 그들을 위한 치료와 지원을 제공하는 서비스를 찾고 있어요,3002
"저는 어버이를 돌보는 전업 간병인인데, 그들의 생활 및 활동에 도움이 필요해요",4882
저는 최근에 일자리를 잃어버렸고 어려운 시기에 도움이 되는 재정 지원이 있는지 궁금해요,2375
저는 싱글 부모이고 저와 제 아이를 위한 경제적으로 알맞은 주택을 찾는데 도움이 필요해요,6168
"최근에 가족이 사고로 사망했고, 감정적으로나 금전적으로 부담을 느끼고 있어요",1666
"누군가를 구하다가 다쳤는데, 이제 의료비와 재활비가 문제이네요",1774
독신 부모로서 생활을 괴로워하고 있어요,1920
제 아이는 장애가 있어서 적절한 교육과 자원에 접근하는 것이 어려워요,4233
최근에 직장을 잃어서 신규 고용을 찾는게 어려워요,2480
최근에 새로운 도시로 이사를 왔는데 말세를 감당하기 어려워요,1877
장애로 인해 일자리를 잃었고 이제 제 자신을 지원할 수 없어요,1916
저는 혼자 사는 노인이고 안정된 소득이 없어요,2370
저는 한 부모로서 아이를 럭키하기 어려워요,3847
저는 최근 이민자로 입국해 이 새로운 나라에서 적응하기가 어려워요,1886
"저는 최근에 일자리를 잃어버렸는데, 생활을 유지하기가 힘들어요",2208
"저희 가족은 자연재해의 피해자이고, 안정된 거주지를 찾기가 어렵습니다",1633
"저는 가정 폭력의 피해자이며, 저와 저희 아이들이 안정된 생활을 유지하기가 점점 어려워지고 있어요",2262
"저는 북한이탈주민이고, 한국에 와서 다양한 어려움을 겪고 있습니다",1479
저는 최근에 집에서 큰 화재가 발생해서 아무것도 남아있지 않은 상황입니다,1819
최근에 새로운 도시로 이사를 와서 내 의료 상태에 도움을 줄 의사를 찾는게 어려워요,3019
만성 질병을 앓고 있어서 지속적인 치료비를 감당하는데 어려움을 겪고 있어요,1320
저는 저소득층인데 제 건강 상태를 위한 약비가 너무 비쌉니다,1622
저는 고령자인데 의료 약속에 가기 위해 교통 수단 도움이 필요해요,1579
최근에 직장을 잃어서 가족의 건강 보험 가입 비용을 감당할 수 없어요,2635
최근에 북한에서 한국으로 이사왔는데 정착하기가 어렵습니다,1689
저는 혼자 아이들을 돌보는 싱글 부모입니다,3591
장애가 있는데 경제적인 지원이 필요합니다,1946
저는 노인이고 생활하기가 어렵습니다,3758
오랜 기간 동안 의료 치료를 받고 있어 경제적으로 힘들어요,4937
최근에 새로운 도시로 이사를 왔는데 일자리를 찾기 어려워요,1147
제 아이가 학교에서 어려움을 겪고 뒤처지고 있어요,3418
요즘 기분이 아주 우울하고 외로워요,5128
만성 질병으로 진단을 받았는데 어떻게 관리해야 할지 모르겠어요,2733
올바른 식사를 할 수 없고 어려움을 겪고 있어요,1845
저는 최근에 북한에서 탈출했는데 한국에서 계속 교육을 받고 싶어요,4093
저는 저소득층 출신이고 자녀들의 교육비를 감당하는 게 어려워요,2680
제 아이가 학교에서 어려움을 겪고 있고 도움이 필요해요,3514
저는 오랜 시간 일하고 있고 제 아이는 방과 후에 안전한 장소에서 공부할 곳이 필요해요,1294
저는 사설 영어 과외에 돈을 내기 힘든데 영어 실력을 향상시키고 싶어요,4628
나는 최근에 새로운 도시로 이사를 왔는데 취업을 찾는 데 어려움을 겪고 있어,3891
나는 싱글 부모이고 일하는 동안 아이를 돌볼 돌봄 시설에 대한 비용을 감당하기가 어려워,3457
최근 만성 질병이 진단되어 의료 비용이 부담스러워지고 있어,2882
나는 고정 소득으로 생활하고 있는 노인이지만 식품과 공공요금 같은 기본 생활비를 감당하기가 어려워,2225
나는 장애가 있어 대중 교통 수단을 이용하기가 어려워,3102
"저는 최근에 북한에서 남한으로 온 신청자이고, 취업을 도와 줄 필요가 있습니다",1953
"제가 사업주인데 북한 탈북자를 고용하고 싶지만, 금전적인 지원이 필요합니다",1535
"6개월 이상 동일한 회사에서 일하고 있는데, 혜택이나 도움을 받을 수 있는 방법이 있을까요?",1912
저는 북한 탈북자로 안정된 일자리를 찾는 데 어려움을 겪고 있습니다,1886
"정부가 북한 탈북자들의 취업을 돕는 서비스가 있다고 들었는데, 그에 대해 더 알고 싶습니다",1481
저는 자녀들을 부양하기 힘들어하는 싱글맘입니다,3318
저는 졸업한 지 얼마 되지 않은 대학 졸업생인데 취업을 찾느라 힘들고 있습니다,2474
저는 혼자 사는 노인이고 음식 만들고 청소 같은 일상 생활에 어려움을 겪고 있습니다,2292
저는 신체적으로 제한이 있는 장애인이고 움직임과 독립에 어려움을 겪고 있습니다,2781
저는 소득이 적어 월세를 낼 돈이 필요합니다,2234
최근에 북한에서 도망쳐난 상태예요,1873
"저는 싱글맘이고, 제 아이와 함께 살 만한 저렴한 주거 공간을 찾는 데 어려움을 겪고 있어요",7478
"저는 장애를 가진 사람이고, 접근성 시설이 갖춰진 적합한 주택을 찾는 데 도움이 필요해요",2381
생활비가 어려워져서 월세를 지불하는 데 도움이 필요해요,2800
"팬데믹으로 인해 일자리를 잃어버렸고, 이제 주거를 유지하기 어려운 상황이에요",1579
"최근에 북한에서 이탈해서 한국에 도착했는데, 법적 절차와 서류들에 대해서 헷갈리고 당황스러워요",1567
저희 이웃 할머니가 청구서를 감당하기 힘들어하고 재정적으로 어려움을 겪고 있는 것 같아요,1654
저는 체력 장애가 있어서 이동에 어려움을 겪고 있어요,2190
저는 두 자녀를 가진 싱글 부모이고 생활비를 맞추기 힘듭니다,3968
"최근에 일자리를 잃었고, 저축도 없어요",2404
나는 수년 동안 시끄러운 공장에서 일하고 있어서 이제 귀에 문제가 생겼어요,3686
"저희 노인 어머니가 홀로 살고 있고, 관절염 때문에 집 안에서 움직이기 힘들어해요",1980
"최근에 일자리를 잃었고, 생계 유지에 어려움을 겪고 있어요",3965
저는 신체적인 장애가 있어서 요리하고 청소와 같은 일을 도움이 필요해요,2564
제 아들이 행동 문제를 겪고 학교에서 어려움을 겪고 있어요,3360
상담 수신자 일자리를 잃어서 안정적인 주거를 찾기 힘들어요,1806
상담 수신자 최근에 학대 관계에서 벗어났고 다시 시작할 도움이 필요해요,1828
상담 수신자 저는 장애인이고 일상 생활 도움이 필요해요,2338
상담 수신자 저는 한부모이고 아이 돌봄에 도움이 필요해요,4238
상담 수신자 저는 노인이고 외로움과 고립감을 느끼고 있어요,2879
"상담 받기 전, 저는 최근에 감옥에서 출소했어요",1499
"제가 장애를 가지고 있는데, 일상생활 활동에 지원이 필요합니다",2769
저는 싱글 부모이고 가족을 위해 노력하고 있지만 어려움을 겪고 있어요,3564
제가 일자리를 잃어버렸고 취업에 도움이 필요해요,1738
저는 정신 건강 문제를 겪고 있어서 누군가와 이야기할 필요가 있어요,2256
저는 아이들을 위한 저렴한 주거를 찾는 싱글맘입니다,3430
최근에 일자리를 잃어 기초 생활비를 지원받을 필요가 있습니다,1716
"혼자 사는 노인으로서, 요리와 청소와 같은 일상적인 도움이 필요합니다",2485
장애가 있어 삶의 질을 향상시키기 위해 특수 장비가 필요합니다,2697
제가 저소득 가정 출신 학생이라 교육비 지원이 필요합니다,2608
저소득 싱글맘인데 아이들을 경제적으로 지원하기 힘들어요,4088
독신 노인인데 요리와 청소 같은 일상적인 일에 어려움을 겪고 있어요,1837
최근 회사의 구조조정으로 일자리를 잃었고 취업에 어려움을 겪고 있어요,2406
일상 생활활동과 의료 관리에 도움이 필요한 장애인이에요,2867
최근 이민 왔는데 언어 학습과 사회통합에 도움이 필요해요,1546
내가 직장을 잃고 의료비를 갚기가 어렵다,1655
나는 최근에 장애를 얻어 의료 치료비를 감당하기가 어렵다,1967
"나는 가정 폭력의 피해자이며, 의료비를 위한 재정적 지원이 필요해",1396
"소득이 한정되어 있는 노인이며, 의료 비용을 갚기가 어렵다",2267
"가족 중 한 명이 오랜 기간 동안 입원 중이고, 의료비가 너무 부담스럽다",2515
1년 이상 광업 산업에서 일하면서 건강 문제가 생겼어요,3485
최근에 일할 능력에 영향을 주는 장애를 알게 됐어요,3921
일하면서 다쳐서 일을 계속하는 데 영향을 받고 있어요,2699
아이가 고등학교에 입학할 예정이고 경제적 부담이 걱정돼요,3504
일이 건강에 미치는 영향을 정확히 평가하기 위해 자세한 건강 진단을 받아야 해요,4217
최근에 일자리를 잃었고 건강 관리 비용을 감당하는 데 어려움을 겪고 있어요,1860
부모님이 점점 노화되셔서 돌봄이 필요한 상황이에요,3509
저는 장애가 있어서 대중 교통을 이용하기가 점점 어려워지고 있어요,2967
저는 싱글 부모이고 지출을 조정하기 힘들어지고 있어요,2580
최근에 자연재해를 경험했고 집이 심각하게 손상되었어요,2333
"지정 개발제한구역에 살고 있는데, 월급이 2021년 도시 가구 평균 이하인데요",2046
"교육비, 전기세, 건강 보험료 및 기타 생활 비용을 감당하기 힘들어요",1878
지정 개발제한구역 거주민으로 일상 생활 비용을 충당하기가 어려워요,2965
"저는 재정적으로 제한된 자원을 갖고 있고, 생활비로서의 수도, 의료 보험 및 정보/통신 비용에 재정적 지원이 필요해요",6049
"개발 제한 구역으로 지정된 지역에 거주하고 있는데, 수입이 도시 가구 평균 이하인 상황입니다",2398
최근에 새로운 나라로 이사왔는데 건강 보험이 없어서 걱정이에요,2707
팬데믹으로 인해 일자리를 잃어서 지금은 어떤 의료비도 갚을 수 없어요,1633
저는 노숙인이고 건강 문제로 고민하고 있어요,2473
저는 난민으로 이 나라에 도착했고 아이가 의료 도움이 필요해요,1696
저는 외국인 근로자이고 건강 보험이 없어요,4966
"저는 최근에 작은 사업을 시작했는데, 예기치 않은 사고나 손상으로 인한 잠재적인 재정적 손실에 대해 걱정입니다",2726
"저는 홍수나 지진과 같은 자연재해가 자주 발생하는 지역에 살고 있어, 집과 소지품을 보호하고 싶습니다",2482
저는 만성적인 질병을 가지고 있고 꾸준히 의료 치료가 필요합니다,1907
"저는 최근에 새 차를 구입했는데, 사고나 도난 발생 시 보호받길 원합니다",1865
"저는 해외 여행을 계획 중인데, 계획을 방해하거나 높은 비용을 초래할 수 있는 예기치 않은 상황에 대해 걱정되지 않고 싶습니다",5248
최근에 일자리를 잃어서 생활에 어려움을 겪고 있어요,2414
최근에 기분이 매우 좋지 않고 압박감을 느끼고 있어요,2289
차 사고로 상처를 입어서 몸을 회복하기 위해 물리치료가 필요해요,2511
"고령자 부모님이 요리와 청소와 같은 일상 생활에서 도움이 필요하지만, 저는 그럴 수가 없어요",2806
최근에 새 도시로 이사를 왔는데 여기에 친구나 가족이 없어요,3662
"나는 최근에 새로운 도시로 이사를 왔는데, 여기에서 아는 사람이 하나도 없어서 외로움을 느끼고 소외감을 느껴요",1921
"저는 싱글 부모이고, 일과 아이 돌봄 사이의 균형을 맞추기가 어렵습니다",3611
나는 노인이고 혼자 살고 있어요,3757
"나는 신종 코로나 바이러스로 인해 일자리를 잃었고, 새로운 일자리를 찾기가 어렵습니다",2519
"나는 최근 이혼했고, 압도되고 감정적으로 지쳐 있어요",3304
제가 작은 아파트에서 홀로 살고 있는 노인입니다,3846
만성 질병으로 인해 외출하고 사회적으로 교류하는 것이 제한되고 있어요,3155
저는 외진 지역에 살고 있어서 새로운 사람들과 만나는 기회가 많지 않아요,4417
"저는 우울증 진단을 받았고, 자살 시도 이력이 있어요",1878
"최근 은퇴를 했고, 정말 많은 여유 시간이 생겼어요",1871
3세인 아이가 발달 지연 증상이 보입니다,2970
최근에 딸이 감情 및 행동 문제를 보이고 있어요,3712
저는 건강 개선을 위해 맞춤형 운동 프로그램에 참여하고 싶어요,2165
시각 장애를 가진 저는 다양한 근골격계와 신경계 질환을 가지고 있어요,2500
저는 정신 건강 문제로 고민하고 있어 전체적인 치료와 지원이 필요해요,2797
"이 상담말고, 나는 두 자녀를 가진 싱글맘인데, 낮은 수입의 일자리로 생계를 유지하기가 힘들어요",3625
나는 혼자 살고 있는 노인이에요,3149
최근에 일자리를 잃어서 집세와 공과금을 내기가 어려워요,2504
나는 장애인이여서 이동에 특수한 장비와 지원이 필요해요,2872
난 정신 건강에 문제가 있고 상담과 치료가 필요해요,2210
최근에 대학을 졸업하고 첫 직장을 시작했어요,2797
저는 어린 아이들을 키우는 일하는 부모예요,3343
요즘 스트레스와 압박감을 많이 느끼고 있어요,3212
최근에 신체적인 부상을 입어서 움직일 수 있는 능력이 제한되었어요,1782
"저는 은퇴한 사람이고, 활동적이고 사회적으로 연결된 방법을 찾고 있어요",4169
"최근에 55세가 되었고, 약 70억 원 가치의 집을 소유하고 있는데, 앞으로의 금융적 미래에 대해 걱정돼요",2237
"저는 65세 은퇴자이고, 정기적인 의료비가 필요한 건강 문제를 가지고 있어요",2983
저는 혼자 모자라는 엄마입니다,1840
최근에 장애를 가지게 되어 새로운 환경에 적응하는 데 어려움을 겪고 있어요,3252
저는 자금이 부족해서 작은 사업을 시작하고 싶은 젊은 성인입니다,2328
혼자 아이를 키우며 월세를 내기가 힘들어요,3433
최근에 직장을 잃어서 생계 유지에 어려움을 겪고 있어요,2570
제가 장애가 있어서 일상 생활에서 도움이 필요해요,2342
저는 노인이라 의료비를 감당할 수 없어요,2794
자연재해로 인해 집이 손상되었고 수리비에 도움이 필요해요,1638
"나는 퇴직을 앞두고 있는데, 재무 관리와 퇴직 준비에 대한 조언이 필요한 것 같아요",5148
"최근에 일자리를 잃어버렸는데, 금전적으로 도움을 받을 수 있는 지원이 무엇인지 잘 모르겠어요",1593
"저는 장애가 있고, 취업을 도와주는 프로그램이나 서비스를 찾고 있어요",2822
"제 아이가 최근에 학습 장애로 진단받았는데, 학교에서 성공할 수 있도록 도와줄 자원을 찾고 있어요",3753
"저는 혼자 양육하고 있는데, 어려운 상황에서 돈이 많이 부족해요",1568
나 최근에 은퇴했어요,1783
나는 노인이고 일주일에 여유 시간이 좀 있어요,2908
"나는 동작이 장애인이고 일하고 싶은데, 내 요구에 맞는 일자리를 찾기가 어려워요",2469
"나는 많은 경험과 기술을 갖고 있지만, 나이 때문에 고용주들이 망설여질 때가 많아요",3374
나는 나만의 비즈니스를 시작하고 싶어요,4461
최근에 은퇴해서 집에서 조금 심심한 기분이 들어요,4789
부모님이 나이가 들면서 고립되고 있는 것 같아요,3984
남편이 최근 수술로 인해 활동이 제한되고 집을 못나가요,1913
최근에 새로운 도시로 이사왔는데 외로운 기분이에요,4137
항상 새로운 것을 배우는 게 흥미로워요,3598
최근에 일자리를 잃어서 새로운 일을 찾는 게 어려워요,2212
제가 장애가 있어서 일상 생활에서 도움이 필요해요,2342
저는 싱글 부모이고 생활을 근사하게 유지하기 힘들어요,1936
제 건강을 좋게 하려고 하는데 체육관 멤버십을 감당할 수 없어요,1074
저는 노인이고 외로움을 느끼고 있어요,3195
어르신이세요,3014
"최근에 은퇴했고, 새로운 취미를 찾고 있어요",4708
"제 할머니는 음악과 춤을 좋아하시는데, 저렴한 문화 활동에 참여할 수 있는 방법이 없어요",1483
"지역 문화 행사에 참여하고 싶은데, 어떻게 시작해야 할지 모르겠어요",1380
전통 예술과 공예에 관심이 있어요,1967
65세 남성인데 최근에 자주 기억을 잊어버리는 경우가 많아져서 걱정이 돼요,2721
제 할머니가 기억력 상실과 혼돈감을 보이고 있어요,1708
최근에 60세가 돼서 기억력에 변화가 있다는 것을 느끼고 있어요,1774
혼자 사는 노인 고모가 최근에 자주 기억을 잊어버리고 있어요,2158
아버지가 기억력 상실 증상을 보이고 일상생활에 영향을 받고 있어요,2235
저는 생계 유지에 어려움을 겪는 싱글 부모입니다,2219
최근 눈에 문제가 있어 무언가 심각한 것일까 걱정됩니다,2484
최근 60세가 되었고 시력 문제가 있습니다,1718
저는 저소득층이라 정기적인 안과 검진을 할 수 없습니다,2838
시력이 저하된 가족 구성원이 있고 안료 비용을 도움 받아야 합니다,2909
어른이 되어서 치아를 모두 잃어버렸어요,3077
"저는 65세 이상이고 아직 일부 치아가 남아있지만, 상태가 좋지 않아요",3103
"저는 저소득층이고, 치아가 빠져서 이에 대한 치료비를 감당할 수가 없어요",1967
"저는 장애인이고, 제 상태 때문에 구강 위생을 유지하는 게 어려워요",1842
제 움직임이 제한되어 있어서 치과에 가서 치아 관련 문제를 해결하기가 힘들어요,1375
"저는 한 부모로 살면서 생계를 유지하기가 어렵고, 아이의 영양에 대해 걱정하고 있어요",1619
저는 최근에 일자리를 잃어 의료비를 감당하기가 힘들고 있어요,1796
"저는 독거노인으로 혼자 사는데, 집에서의 안전에 대해 걱정하고 있어요",1838
저는 최근에 장애가 생겨 일상 생활에 도움이 필요해요,2280
저는 소득이 적어서 공과금을 지불하는 것이 힘들어요,4121
"저는 경제적으로 힘들어하는 싱글 부모이고, 치과 치료가 필요한 아이가 있어요",2140
최근에 일자리를 잃어 일상 생활 비용을 감당하기 힘들어요,2695
"저는 기동성이 제한된 노인이고, 집을 더 접근하기 쉽게 개조해야 해요",3905
"저는 장애인이고, 이동을 위해 휠체어가 필요해요",2785
"정신 건강 문제를 겪고 있고, 상담을 받고 싶지만 수수료를 감당하기 어려워요",2197
최근에 일자리를 잃었고 생활비를 감당하기 어렵습니다,1464
요즘 기분이 매우 우울하고 불안합니다,2457
노인 부모님이 혼자 살고 있어서 걱정돼요,2637
제가 장애를 가지고 있어서 적합한 일자리를 찾는 게 어렵습니다,2006
"최근에 이 나라로 이민 왔는데, 아무도 모르는 상황이어서 어렵습니다",1515
최근 다리를 다쳐서 요리하고 청소와 같은 일상적인 일에 어려움을 겪고 있어요,2005
제 노인 어머니가 홀로 살고 자주 외로움과 고립감을 느껴요,1782
저는 저렴한 소득의 한 부모로서 아이들에게 영양가 있는 식사를 제공하는 데 어려움을 겪고 있어요,2152
저는 정신 건강 상태가 진단되어 지원과 안내가 필요해요,2328
저는 교통과 일상 업무 처리에 어려움을 겪는 장애인이에요,3280
나는 홀로 살고 때로는 비상 시에 안전에 대해 걱정이 됩니다,1543
나는 혼자 사는 노인이고 자주 외로움을 느끼곤 해요,3032
나는 움직임에 어려움을 겪는 장애인입니다,1973
나는 생계유지에 어려움을 겪는 저소득자입니다,4172
나는 장애인 가족을 돌보는 사람입니다,1959
나 최근에 직장을 잃어서 빌을 내는 데 어려움이 있어,2195
나는 장애가 있어서 요리하고 청소와 같은 일상 생활에서 도움이 필요해,3416
내년이자가 시행되었다고 해서 은퇴한 부모님이 기억력 상실을 겪고 있어,3905
나 혼자서 아이를 키우고 있는데 제대로 돌봐줄 수 있는 지원이 있을까?,3107
요즘 기분이 우울하고 압도된 느낌이 들어,2585
저는 연금수령자이고 교통비 지출에 어려움을 겪고 있어요,3657
저는 은퇴한 사람인데 문화 활동은 좋아하지만 입장료를 감당할 수 없어요,4402
저는 고정소득으로 혼자 사는 어르신인데 건강 보험료가 부담스러워요,2575
저는 저소득자로 꾸준히 월세금을 지불하기 어려워요,2850
"저는 어르신 복지시설에서 생활하고 있는데, 유틸리티 요금을 혼자 내기 어렵습니다",1307
"최근에 법적 문제가 있었는데, 어떻게 해야 할지 모르겠어",2208
"이웃이 나를 협박하고, 안전하지 않은 느낌이 들어",2404
이혼을 결정했는데 법적 절차에 대해서는 전혀 모르겠어요,1430
정부로부터 공문을 받았는데 그 의미를 이해하지 못해요,1551
사업을 시작하고 싶은데 법적 조언이 필요해요,2949
"최근에 작은 도시로 이사를 왔는데, 어디서 법률 상담을 받을지 잘 모르겠어요",2324
경제적으로 곤란하게 되어 복지 제도를 이해하는 데 도움이 필요해요,4881
"최근에 직장에서 다쳤는데, 제 권리가 무엇인지 잘 모르겠어요",2761
노인 부모님의 의료 결정을 도와주는 지원이 필요해요,2629
"제 아이가 학교에서 괴롭힘을 당하고 있는데, 어떻게 대처해야 할지 잘 모르겠어요",2754
한국으로 최근 이사를 와서 법과 규정에 익숙하지 않아요,2244
저는 10대이고 권리를 더 잘 이해하고 싶어요,2629
저는 장애가 있어서 제 권리를 보호하고 평등한 기회를 보장하는 법률에 대해 더 알고 싶어요,2555
저는 다문화 가정의 단 한 부모입니다,1493
저는 경제적으로 어려움을 겪고 있어요,2515
"최근에 새로운 동네로 이사를 왔는데, 현지 법률에 대해 잘 모르겠어요",2488
제 노인 부모님들이 정부 보조금에 접근하기 어려워하고 있어요,2515
"저는 범죄의 피해자이며, 법적으로 어떤 조치를 취해야 할지 잘 모르겠어요",2198
제 아이가 장애를 가지고 있어서 특수 교육 서비스의 복잡한 제도를 이해하는 데 어려움을 겪고 있어요,4247
"저는 다문화적인 배경에서 왔고, 때로는 차별이나 오해를 겪을 때가 있어요",1480
최근에 일자리를 잃었고 생계 유지에 고민되고 있어요,1974
저는 독립적으로 살기가 어려운 장애를 가지고 있어요,2701
"저는 싱글 부모이고, 일과 아이 돌봄을 동시에 하는 것에 압도되는 느낌이 자주 들어요",3388
"저는 최근 은퇴했고, 외로움을 많이 느끼고 있어요",4163
저는 대학교를 입학한 지 얼마 되지 않은 젊은 성인입니다,3693
나 방금 일자리를 잃어버렸어,1456
나 최근에 이혼했어,4418
내 아버지가 돌아가셨어,3642
"나는 가정 폭력의 피해자로, 억제 명령을 받기 위한 도움이 필요해",1685
처음으로 참여한 교통사고로 인해 보험 청구 방법을 잘 모르겠어,2058
나는 지금 재정적으로 고생하고 있어,2526
최근에 일자리를 잃어서 청구서를 낼 수가 없어,1629
"만성 질병이라는 진단을 받았고, 의료비 지출을 관리하는 데 도움이 필요해",2392
나는 싱글 부모이고 생계유지하기 어려워,3593
어려움을 겪고 계신 노인 부모님께서 기본적인 생활비를 지불하기 어려워하고 계셔요,2189
대여한 아파트의 보증금에 관해 부동산주인과 분쟁이 생겼어요,1756
"상가 임대 계약이 곧 만료되는데, 새로운 장소를 찾기에 더 많은 시간이 필요해요",2850
전세 건물의 유지보수와 수리에 관해 부동산주인과 문제가 생겼어요,1380
"최근에 집을 임대했는데, 부동산주인이 임대 계약을 갱신하려 하지 않고 있어요",3719
전세 계약 기간에 관해 부동산주인과 의견 충돌이 있어요,2145
최근에 일자리를 잃어버렸고 생활이 어려워졌어요,2203
저는 장애가 있어 일상 생활에 도움이 필요해요,2342
저는 싱글 부모이고 어린이 돌봄을 제대로 할 수 없을만큼 돈이 부족해요,3927
최근 만성 질병이 발견되어 건강 관련 비용이 걱정돼요,2311
저는 노인이고 가족이 근처에 없어 혼자 사는데 집안일을 도와주는 서비스는 없을까요?,2979
자영업자인데 전통적인 금융 기관에서 대출을 받기가 어려워요,2016
신용점수가 낮아서 금융 서비스를 이용하기가 힘들어요,2807
자영업자인데 비즈니스를 시작하거나 향상시키기 위해 자금이 필요해요,3317
등록되지 않은 사업주인데 저는 소액의 자금이 필요해요,3189
"긴급한 자금이 필요한데, 소기업주이기도 하고 동시에 금융 지원이 필요해요",3306
저는 빚 상환에 어려움을 겪고 있어서 재정적인 지원이 필요합니다,3143
신용점수가 낮아서 낮은 이자율로 대출을 원합니다,2907
빚을 잘 관리하고 상환 계획을 세우는 데 도움이 필요합니다,1936
작은 금액의 대출을 원하지만 신용 이력이 좋지 않습니다,2512
낮은 이자율로 대출을 받고 싶은데 어떤 옵션을 추천해주실 수 있나요?,2554
저는 생활비를 마련하기 힘든 싱글 부모입니다,2291
최근에 일자리를 잃어서 새로운 일자리를 찾기 어렵습니다,1741
제가 일 전체를 할 수 없는 장애가 있습니다,2437
"저는 저소득 가정의 학생이며, 교육비를 지불하기 힘들고 있습니다",3174
혼자 사는 노인으로서 저의 연금은 제 모든 요구를 충당하기에 충분하지 않습니다,2284
나는 사업 확장을 위해 자금을 구하는 데 어려움을 겪고 있는 자영업자입니다,2609
저의 소득이 낮고 일상 생활비를 지원받기 위해 금융 지원이 필요합니다,1395
높은 이자를 지닌 빚에 시달리고 있으며 이를 합치기 위한 도움이 필요합니다,3369
직접 사업을 시작할 계획이지만 필요한 자금이 부족합니다,2823
일시적인 재정 위기를 겪고 있으며 즉시 발생하는 지출을 위해 소액 대출이 필요합니다,2415
최근에 대학을 졸업했는데 취업을 찾기 힘들고 있어요,2805
제 아들이 대학에 다니고 있는데 등록금을 감당하기 어려워요,3020
작은 회사에서 입사한지 얼마 안 되었는데 새로운 급여로 지출 관리가 어려워요,3571
저는 최근에 졸업했고 높은 학위를 취득하고 싶은데 등록금을 내기에는 저축이 충분하지 않아요,2494
저는 젊은 사업가이고 내 소규모 사업을 키우기 위해 재정적인 지원이 필요해요,4514
최근에 직장을 잃어버렸고 생활을 이어나가기 힘들어요,2097
소득이 적어서 의료비를 감당하기 어려워요,1656
장애가 있어서 일상 생활을 돕는데 도움이 필요해요,1890
부모로서 일하고 있지만 저렴한 육아 지원이 필요해요,2369
학생인데 교육에 대한 재정 지원이 필요해요,1834
수입이 적고 금전적 도움이 필요해,3656
빚에 고민하고 있고 신용 점수가 좋지 않아요,2853
수입이 적은 젊은 사람인데 금융 시스템에서 자신을 꾸려가기 위해 대출을 받고 싶어요,2027
장기간에 걸쳐 정부 지원 금융 서비스를 사용했고 이제 본격적인 은행 업무로 전환하고 싶어요,2408
의도치 않은 비용을 충당하기 위해 작은 대출이 필요한데 신용 이력이 좋지 않아요,2523
저는 신용점수가 낮고 신용카드를 소지하고 있지 않아요,2472
신용점수가 낮아서 신용카드를 받기가 어려워요,3381
신용점수가 낮은 사람으로써 적합한 금융 상품을 찾기가 어려워요,2299
"신용점수가 낮아서 신용카드를 받기 어렵지만, 지난 6개월 동안 신뢰할만한 상환 기록이 있습니다",3052
"신용카드가 없고, 신용점수가 평균 이하입니다",2785
"얼마 전에 일자리를 잃었고, 새로운 일을 찾는 데 어려움을 겪고 있어요",1869
"가족이 재정 위기를 겪고 있고, 기본 생활 필수품을 구매할 수 없어요",2023
저는 장애가 있어 일상 생활에서 지원이 필요해요,2273
"제가 저소득 단독 부모이고, 아이 돌봄에 어려움을 겪고 있어요",4375
"저는 노인이고, 외로움을 느끼고 있어요",3196
최근에 일자리를 잃었고 생활비를 감당하기 힘들어요,1465
"저는 장애를 가진 아이가 있는데, 그들의 의료비를 위해 재정적 지원이 필요해요",1657
"저는 싱글 부모이고, 어린이 돌봄비에 대한 도움이 필요해요",4242
"저는 곧 결혼을 하는데, 결혼 비용에 대한 재정적 지원이 필요해요",3159
노인 부모님들을 돌보기 위한 비용이 부담스러워요,1621
작은 회사를 운영하고 있어요,2172
"저는 소규모 상점을 운영하고 있는 자영업자인데, 자금 부족으로 사업 관리에 어려움을 겪고 있어요",2237
"은행에서 대출을 받아야 하는데, 담보물이 적어서 어려움을 겪고 있어요",2483
"저는 특정 업종에서 소규모 사업을 운영하고 있는데, 사업 확장을 위해 재정 지원이 필요해요",4850
"저는 소규모 사업주인데, 낮은 이자율로 자금을 조달할 수 있는 옵션을 알아보고 싶어요",2270
나는 최근에 작은 사업을 시작했는데 어떻게 성공시킬지 잘 모르겠어요,2309
내 재정을 관리하는데 어려움을 겪고 있어서 어떻게 개선할지 조언이 필요해요,1682
"새로운 가게를 열고 싶은데 어떻게 시작해야 할지, 올바른 위치를 선택하는 방법을 모르겠어요",2910
나는 제품을 마케팅하고 홍보하는 데 어려움을 겪고 있어요,2785
온라인 상점을 시작하고 싶은데 어떻게 설치하고 운영하는지 전혀 모르겠어요,3450
대학생인데 돈을 제대로 관리하는 게 어려워서 종종 빚이 생기는 거 같아요,3348
최근에 금융사기를 당해서 다시 일어나지 않도록 어떻게 할 수 있는지 모르겠어요,2500
청년인데 어떻게 하면 좋은 신용 기록을 만들 수 있을까요? 어디서 시작해야 할까요?,2094
저는 소규모 사업주인데 사업 부채 관리에 곤경이에요,2758
생활비가 적은 사람인데 돈을 관리하고 과도한 빚을 피하는 데 도움이 되는 자원이 있을까요?,1962
저는 최근에 일자리를 잃어서 경제적으로 힘들고 있어요,2415
저는 장애가 있어서 특수 장비 구매에 도움이 필요해요,3430
저는 임신 중이고 태교비용에 대해 걱정이 되어요,3133
저는 저소득층이라 의료비를 감당할 수 없어요,2396
"저는 건강검진을 받은 적이 없는데, 고려해볼 가치가 있을까요?",3755
저는 두 자녀를 돌보면서 생계를 유지하는 싱글 부모입니다,1934
최근에 일자리를 잃어 집세를 내기 힘들고 있습니다,2438
저는 장애가 있어 적합한 일자리를 찾기 힘들고 있습니다,2004
"저의 노인 부모님은 일상 생활에서의 도움이 필요하지만, 항상 함께 할 수는 없습니다",2121
저는 학생이고 수업료를 지불할 돈이 없습니다,2915
"제가 희귀하고 심각한 질병을 가지고 있어서 치료가 필요한데, 제 소득은 낮고 금전적으로 지원해줄 사람이 없습니다",2518
저는 만성 질병 환자이고 계속해서 치료를 받아야 합니다,1783
저희 아이가 심각한 질병을 가지고 있어서 자주 병원에 가야 합니다,3108
"제가 6개월 이상 치료를 받고 있고, 이로 인해 경제적으로 어려움을 겪고 있습니다",3646
제 소득이 적고 희귀한 질병을 가지고 있어서 의료비를 어떻게 관리할 수 있을까요?,1947
내가 고혈압과 당뇨병 진단을 받았어요,2317
저는 65세 이상인데 고혈압과 당뇨병이 있어 걱정이에요,2950
최근에 새 도시로 이사를 왔는데 고혈압과 당뇨병을 가지고 있어요,2888
집에서 고혈압과 당뇨병을 더 적극적으로 관리하고 싶어요,2641
고혈압과 당뇨병 등록관리 서비스에 대해 몇 가지 궁금한 점이 있어요,2331
최근에 심각한 사고를 당해서 심한 부상을 입었어요,2166
특이하고 복잡한 질병 진단을 받았어요,2834
노인인 어머니가 진행된 단계의 암 진단을 받았어요,2478
"악성 질환으로 오랫동안 살아가고 있는데, 의료비가 계속해서 쌓여가고 있어요",1547
"결핵 진단을 받았는데, 치료가 길고 비용이 많이 들어가요",2720
최근에 일자리를 잃었고 의료비를 감당하기가 어려워요,2013
수입이 적고 가족의 의료비가 쌓여가고 있어요,2449
저는 싱글 부모이고 제 아이가 자주 의료 치료를 받아야 해요,2976
제가 만성적인 질환이 있어서 정기적으로 병원에 가야 해요,2330
수입이 적고 제가 의료비에 상당한 금액을 지불하고 있어요,1470
저소득층으로 일자리를 잃어 의료비를 감당할 수 없는 상황입니다,2111
"독립 생활을 하는 노인이며, 한정된 재정 자원으로 건강을 유지하기 어려운 상황입니다",2762
"지속적인 의료 치료가 필요한 장애를 지니고 있지만, 비용 부담이 어렵습니다",1816
"자녀가 여러 명인 싱글맘으로, 자신과 가족의 정기적인 건강 검진을 감당하기 어려운 상황입니다",3841
최근 이사를 하여 새로운 도시에 살면서 안정된 수입이 없어 의료비를 지불하기 힘든 상황입니다,2828
최근에 일자리를 잃어서 생활비를 마련하는 데 어려움을 겪고 있어요,1666
저는 지속적인 치료와 약물이 필요한 만성 질환을 가지고 있어요,2671
최근 큰 수술을 받아서 현재는 집에서 회복 중이에요,1805
제 동작능력에 영향을 주는 장애가 있어서 휠체어나 목발과 같은 보조기구를 사용해야 해요,2762
"저희 가족이 예기치 않은 상황으로 인해 어려움을 겪고 있고, 자녀들에게 기본적인 필요물을 제공하기가 힘들어요",2046
나는 아이의 의료비를 감당하기 어려운 싱글 부모입니다,3019
저는 만성 질병이 있어 정기적인 의료 치료가 필요하지만 차출금을 감당할 수가 없어요,2694
최근에 일자리를 잃어 의료보험에 들어가지 못하고 있어요,2768
저는 임신 중이고 출산 비용을 걱정하고 있어요,3131
저는 희귀병을 가졌고 비싼 약물이 필요합니다,2965
저는 저소득 노인이라서 의료비 지원이 필요해요,2235
저는 장애를 가지고 있어서 건강 관리에 어려움을 겪고 있어요,3149
저는 임신 중이고 의료비 지원 서비스가 있는지 알고 싶어요,2985
저는 최근에 일자리를 잃어서 건강 관리비를 어떻게 내야 할지 걱정돼요,2002
저는 만성 질환을 가지고 있어서 약값에 도움이 필요해요,2082
만성 질병이 있어서 여러 의사들을 만나봐야 해요,2771
"제가 희귀하고 심각한 유전적 질환을 가졌는데, 그걸 치료할 수 있는 병원을 찾기가 어려워요",3300
저는 지속적인 의료 치료가 필요한 장애가 있어요,2316
저는 최근에 새로운 도시로 이사왔어요,2132
저는 장기간 의료 치료가 필요한 만성 질환을 가지고 있어요,2395
최근에 기분이 많이 좋지 않아서 왜 그런지 모르겠어요,1845
"최근에 일자리를 잃었고, 새로운 일자리를 찾는 데 어려움을 겪고 있어요",2261
만성 질병이 있어서 증상을 잘 관리하는 데 어려움을 겪고 있어요,2295
"저는 싱글 부모이고, 일과 아이 돌봄을 균형있게 이루는 것이 어려워요",3805
"저는 노인이고, 외로움과 고립감을 느끼고 있어요",3203
"나는 최근에 새로운 동네로 이사를 왔는데, 지역 사회에 참여하고 싶어요",1477
"나는 몸무게에 고민하고 있고, 건강을 개선할 방법을 찾고 싶어요",1365
내 아이가 호흡곤란을 겪고 있는 것 같아서 더 심각한 문제가 발생하지 않도록 예방하고 싶어요,1923
"나는 구강 건강에 대해 걱정이 되고 있는데, 적절한 관리 방법을 알고 싶어요",1801
"최근에 스트레스와 압박감을 느끼고 있어서, 정신적인 건강을 개선하는 방법을 찾고 싶어요",1522
저는 최근에 너무 스트레스 받고 압박감이 느껴져요,3216
"최근에 저는 일자리를 잃었고, 경제적으로 어려움을 겪고 있어요",1746
저는 장애가 있어서 제 요구에 맞는 일자리를 찾기 어려워요,2108
"저는 막 엄마가 되었는데, 혼란스럽고 불안한 마음이 들어요",2502
"제 소득이 낮은데, 의료 서비스를 이용하기 어렵습니다",3447
최근에 일자리를 잃었고 의료비를 감당하기 힘들어요,1487
노인 부모님이 일상 생활에서 도움이 필요하지만 간병인을 고용할 여력이 없어요,2566
장애가 있어서 의료 예약을 위한 교통 수단에 도움이 필요해요,1645
저는 한 부모이고 일할 때 아이 돌보는 데 도움이 필요해요,3559
소득이 적어서 식사를 할 수가 없어요,1694
"최근에 일자리를 잃었고, 아이의 의료비를 감당하기 힘들어요",1325
"저는 소득이 적고, 아이에게 암 진단이 나왔어요",3782
"제 아이가 백혈병을 진단받았는데, 일반 의료보험 보상 대상이 아닙니다",2502
"제 아이에게 암이 있고, 의료비가 너무 많이 나와서 압박이 되고 있어요",1387
"저는 싱글 부모이고, 아이가 암이에요",3905
최근에 일자리를 잃어서 만성 질환의 의료비를 감당하기 힘들어요,1997
"저는 한 부모이고, 특별한 식이 요구를 갖는 제 아이에게 영양가 있는 음식을 살 수가 없어요",2083
제가 특이한 유전자 이상을 가지고 있어서 특수 의료 장비 비용을 지원받아야 해요,2615
"저는 희귀한 질병을 가진 노인 부모님을 돌보고 있는데, 그들의 의료비를 지원받을 도움이 필요해요",1889
저는 장애를 가지고 있어서 일할 수가 없어요,2338
최근에 전염성 질병으로 인해 입원 및 격리되어야 하는 의료 지시서를 받았어요,2029
가족 중 한 명이 심한 질병으로 진단을 받고 전문병원에서 치료를 받아야 해요,2783
최근에 전염성 질병으로 진단을 받았고 격리되어 치료를 받아야 합니다,2774
저는 막 감염병에 걸려서 격리되고 치료를 받아야 하는 의료 지시서를 받았어요,2237
우리 가족 중 한 명이 심한 질병으로 인해 입원과 격리가 필요하며 치료를 받아야 해요,1952
요즘 기분이 매우 우울하고 일상생활에 영향이 있어요,2756
제 아이가 학교에서 행동 문제가 많이 생긴 거 같아요,2688
최근에 일자리를 잃었고 생계유지에 힘들고 있어요,2583
저는 장애가 있어 적합한 일자리를 찾기 힘들고 있어요,2152
가정 폭력의 피해자이며 이 상황에서 벗어나기 위해 지원이 필요해요,2313
상당히 압도되는 기분이 들어요,2801
"최근에 많이 술을 마시고 있는데, 일과 사람들과의 관계에 영향을 주기 시작했어요",1997
도박을 멈출 수가 없어요,1305
"약물을 사용하고 있는데, 그만두고 싶은데 어디서부터 시작해야 할지 모르겠어요",3066
"대부분의 시간을 온라인에서 보내고 있는데, 개인적인 삶과 관계에 영향을 주고 있어요",2177
일자리를 잃어서 안정적인 주거를 찾기가 힘들어요,1806
장애가 있어서 일상 생활 활동에 도움이 필요해요,2329
저는 막 아기를 낳았는데 너무 힘들어요,4083
나는 최근에 이 나라에 이민 왔는데 언어와 문화를 이해하는 데 어려움이 있어요,1551
중독에 고민하고 있고 깨끗한 삶을 살고 싶어요,2204
상담자에게 돌아갈 곳이 없어서 최근 기분이 상승하지 않아요,3369
제 아이가 학교에서 어려움을 겪고 있어서 어떻게 도와줄지 모르겠어요,2436
최근에 일자리를 잃어서 생활비를 감당하기가 힘들어요,1594
제가 장애가 있어서 편의 시설이 갖춰진 주택을 찾는데 어려움을 겪고 있어요,2241
가정 폭력의 피해자로서 도움을 받을 곳을 모르겠어요,2310
최근에 일자리를 잃어서 새로운 일자리를 찾는 것에 대해 정말로 스트레스를 받고 있어요,1641
"개인적인 문제로 고민하고 있고, 정신 건강에 영향을 받고 있어요",1855
"노인 부모님이 치매 진단을 받았고, 그들의 변화하는 행동에 대처하기 어려워요",2732
"제 아이가 학교에서 문제 행동을 보이고 있고, 그들의 학업 성취에 대해 걱정돼요",3012
"최근에 외상적인 사건을 경험했고, 악몽과 난입하는 생각이 있어요",2177
저는 70세로 일상 생활을 혼자서 하는 것에 어려움을 겪고 있어요,2355
"엄마가 치매로 진단을 받았는데, 일상 생활을 수행하는 것이 어려워하고 있어요",2762
"최근에 뇌졸중을 겪었는데, 신체 활동에 어려움을 겪고 있어요",3201
"조카가 파킨슨병으로 고통받고 있고, 일상 생활에서 지속적인 지원이 필요해요",2934
저는 일상 기본 작업을 독립적으로 수행하는 것이 어려운 장애를 가지고 있어요,2678
"나의 노인 어머니가 장기간의 돌봄이 필요하고, 경제적 부담으로 고민 중이에요",4260
"최근에 나는 장애가 있는 형제의 간병인이 되었는데, 너무 힘들어지고 있어요",2070
"나는 일하는 부모이고, 아이의 일상 생활을 관리하는 데 도움이 필요해요",3855
나는 신체적 장애가 있어 일상적인 일을 도와주어야 해요,3155
최근에 일자리를 잃어서 새로운 일을 찾기 어려워 고민 중이에요,2217
부상 이후로 재정적으로 어려움을 겪고 있는 장애 거부자입니다,1926
최근에 직장을 잃었고 가족을 경제적으로 지원하기 힘들어요,2365
저는 싱글 부모이며 어린이 돌봄 비용에 도움이 필요해요,4470
혼자 사는 노인이지만 일상 생활 가사를 도와주는 서비스가 필요합니다,2097
저는 저소득자이며 의료비를 감당하기 어려워요,1764
최근에 전쟁 참전용사로 활약하셨던 아버지를 잃었어요,3160
제 몸에 신체적인 장애가 있어서 제 필요에 맞춰 일자리를 찾기가 어려워요,2066
"저는 혼자 어린이를 키우고 있는 단독 부모이고, 생활비를 감당하기가 힘들어요",2602
"저는 혼자 살고 있는 노인이고, 때로는 외로움과 고립감을 느끼곤 해요",3045
저는 최근 이민자로 이곳에 와서 적응하기가 어려워요,1957
저는 장애를 가진 공인으로 소득이 매우 낮아요,2696
최근에 일자리를 잃었고 가족을 부양해야 합니다,1493
저는 싱글 부모이고 생계 유지가 어렵습니다,3466
저는 혼자 사는 노인이고 모든 경비를 감당하기 어렵습니다,2616
제 소득이 적고 만성적인 질병으로 정기적인 치료가 필요합니다,3048
나는 70세의 은퇴한 베테랑입니다,2237
나는 장애인으로 직업을 찾기 어려워하고 있습니다,3134
방금 배우자를 잃어 도전적으로 경제적으로 문제가 있습니다,2257
소득이 낮아 의료비를 감당하기 어렵습니다,1805
저는 어린 아이들과 함께하는 싱글 부모로 어린이 돌봄 비용에 어려움을 겪고 있습니다,4063
저는 저소득층이며 독립전사의 자녀입니다,3167
저는 저소득으로 노인입니다,3398
저는 장애인이며 소득이 제한적입니다,3017
저는 한 부모로서 저소득입니다,2568
저는 생계유지에 어려움을 겪고 있는 저소득자입니다,4256
최근에 직업을 잃어서 경제적으로 힘들어요,2795
등을 다쳐서 일상 생활에 어려움을 겪고 있어요,2733
노인 부모님이 의료비 지원이 필요해요,2340
학생인데 등록금을 감당하기 힘들어요,3486
혼자서 아이를 양육하는데 어려움을 겪고 있어요,3742
나는 최근 군 복무를 마치고 돌아온 장애를 가진 군인입니다,1744
나는 세 아이를 키우는 싱글맘인데 일하면서 어린이 돌봄비를 감당하기 힘들어요,3171
나는 최근에 대학을 졸업했지만 학자금 대출때문에 고민이 많아요,3991
나는 저소득자이고 영양가 있는 식사를 제공해주는 프로그램이 없어서 고민이에요,1709
나는 혼자 살고 있는 노인이고 요리와 청소와 같은 일상 생활에서 어려움이 있어요,2633
최근에 직장을 잃어버렸고 생활비를 조달하기가 힘들어요,2907
저는 싱글 부모이고 어린이 돌봄에 도움이 필요해요,3601
제 노인 부모님은 일상적인 일들에 도움이 필요해요,2405
저는 장애를 가지고 있고 접근 가능한 주택을 찾는데 어려움을 겪고 있어요,4428
제 친구가 중독에 어려움을 겪고 있어 전문적인 도움이 필요해요,1802
최근에 일자리를 잃어버렸고 생계유지에 어려움을 겪고 있어요,2440
차 사고를 당해서 다른 사람의 도움 없이 움직이기 어렵습니다,1580
"고령의 부모님이 멀리에 살고 있고, 저는 그들이 제가 함께 있지 않을 때 걱정돼요",3262
"특수한 필요를 가진 아이를 키우고 있는데, 적절한 자원과 지원을 찾는 것에 도움이 필요해요",4454
"가정 폭력의 생존자이며, 안전한 곳에 머무를 곳이 필요해요",1891
전쟁 참전 용사이고 65세 이상입니다,1871
최근에 일자리를 잃어 생활이 어렵습니다,2280
제가 장애를 가지고 있어 일상 생활에 지원이 필요합니다,2274
"저는 한부모이며, 아이의 생활에 어려움을 겪고 있습니다",3822
저는 노인이고 외로움과 고립을 느끼고 있습니다,3199
최근에 일자리를 잃어서 생계 유지에 어려움을 겪고 있어요,4215
저는 한 부모로 어린 자녀를 키우고 있어요,2195
저는 혼자 사는 노인이에요,3494
저는 일상 생활에 도움이 필요한 장애인이에요,2920
소득이 적어서 의료비를 감당할 수 없어요,1590
여러 해 동안 군에서 복무한 후 유해 물질에 노출되어 장애가 생겼어요,2074
전쟁에서 복무한 베테랑이고 외상 후 스트레스 장애 진단을 받았어요,2222
가까운 시일 내에 일시적으로 장애로 인해 일자리를 잃었고 경제적으로 힘들고 있어요,2012
낮은 소득의 싱글 부모이고 제 아이들에게 영양가 있는 식사를 제공하는 데 도움이 필요해요,2146
독거하고 노인인데 자주 외로움과 고립감을 느껴요,3392
나는 유전적 장애가 있는 아이를 키우고 있어서 계속해서 의료 치료가 필요해요,1617
제 배우자는 전쟁 참전 군인이고 최근 군 복무로 인한 만성 질환이 진단되었어요,1867
저는 일하는 부모이지만 심각한 장애가 있는 아이가 있어 특별한 돌봄이 필요해요,3764
저의 노인 부모님은 나이와 건강 악화로 인해 일상 생활에 어려움을 겪고 있어요,2710
"최근에 일자리를 잃었고, 이동에 지장이 있는 장애가 있습니다",2097
"나는 사고로 다리를 다쳤고, 어떤 도움 없이는 움직이기가 어렵습니다",2023
내 노인 부모님은 건강이 악화되어 계속적인 돌봄이 필요합니다,2393
"나는 전쟁 참전용사로, 일상 활동을 독립적으로 수행하는 것이 어렵습니다",2200
"내 자매가 최근에 장애 진단을 받았고, 기본적인 일상활동에 어려움을 겪고 있습니다",3329
나는 영웅인 가족 구성원이 심각한 부상을 입었습니다,2186
최근에 일자리를 잃었고 생활을 할 수 있는 데 어려움을 겪고 있어요,2295
최근에 기운이 빠지고 압도되는 기분이 들어요,2742
노인 어머니가 홀로 살고 일상생활에 도움이 필요해요,2091
최근에 장애가 있다는 진단을 받아 일상생활에서 도움이 필요해요,2827
저는 싱글 부모이고 일과 아이 돌봄을 균형있게 조절하는 게 어려워요,3634
저는 노인이고 경제적으로 지원해 줄 사람이 없어요,2674
최근에 장애로 인해 일자리를 잃었고 생계유지가 어려워요,1631
저는 군대에서 복무했고 지금 경제적인 어려움을 겪고 있어요,1852
저는 한 부모이고 혼자서 자녀들에게 적절한 돌봄을 제공하기 힘들어요,3058
제 수입이 적고 기본 생활에 어려움을 겪고 있어요,2172
나는 혼자 사는 노인이고 움직임에 어려움이 있습니다,1762
나는 장애를 가진 전쟁 참전자이며 배우자와 함께 살고 있습니다,3227
나는 전사의 유족으로 혼자 살고 있습니다,1773
나는 혼자 사는 장애인이고 움직임에 어려움을 겪고 있습니다,2401
"나는 배우자와 함께 사는 노인이며, 일상 생활의 어려움과 건강 관리에 도움이 필요합니다",2987
저는 소득이 적은 전쟁 참전 용사입니다,1495
"제 부모님은 전쟁 참전 용사이고, 요양원에서 도움이 필요합니다",1630
저는 장애를 가진 전쟁 참전 용사입니다,1495
"제 배우자는 전쟁 참전 용사이고, 특수한 돌봄시설에서 관리가 필요합니다",1517
"제 어려운 부모님은 전쟁 참전 용사이고, 일상 생활에 도움이 필요합니다",2896
저는 노약자로써 장기간 돌봄이 필요하지만 비용을 감당할 수 없어요,2632
저는 장애인 전사자이고 일상 생활 활동에 도움이 필요해요,2476
제노부는 전쟁 영웅이시고 장기간 돌봄이 필요해요,3574
장애를 가진 전사자 가족이 장기간 돌봄이 필요해요,1964
에이전트 오렌지 노출로 장애를 가진 가족 구성원이 장기간 돌봄이 필요해요,4089
나는 65세 남자이고 나를 돌볼 사람이 없어요,3421
나는 가족의 지원이 없는 60세 여자입니다,1862
내 아버지는 장애를 가진 전쟁 참전용사이며 의료 서비스가 필요합니다,1698
제 할머니는 과부이고 65세가 넘었는데 돌봐줄 사람이 없어요,2768
나는 장애를 가진 전쟁 참전용사이고 지원 서비스를 찾고 있어요,1838
최근에 직장을 잃어버렸어요,2449
저는 장애가 있어서 제 요구를 수용해주는 적절한 일자리를 찾는 데 어려움을 겪고 있어요,2117
저는 싱글 부모이고 자녀들을 키우는 데 추가적인 지원이 필요해요,4023
저는 혼자 사는 노인이고 자주 외로움과 고립감을 느끼고 있어요,3040
최근에 외상적인 사건을 겪고 있고 정신적인 건강에 어려움을 겪고 있어요,2408
나는 군대에서 복무했고 몇 가지 건강 이슈가 있어요,3344
최근에 일자리를 잃고 돈이 많이 어려워요,1613
제 아이는 특수 교육이 필요하고 일상 생활에서 지원이 필요해요,1438
저는 저소득층이고 기본 필요물품을 어려워해요,4256
우리 부모님은 혼자 사시고 집안 일에 도움이 필요해요,1579
최근에 은퇴를 했어요,2248
저는 장애인이고 의료 치료 비용을 부담하기 어려워요,1722
소득이 낮아서 필요한 의료 치료비를 감당할 수가 없어요,1969
제 아이가 군 복무 중에 부상을 입었어요,3124
저는 경찰관인 배우자를 잃은 가족입니다,2118
저 최근에 다쳤어요,2089
"저 만성 질병이 있어서 정기적인 검진 및 치료가 필요한데, 전문 병원에 접근할 수가 없어요",2556
저는 장애로 인해 지체가 생겨서 일상 생활을 하기 위해 보청기가 필요해요,2677
저는 희귀한 질병으로 전문 치료가 필요하지만 제 지역에는 전문 의사가 없어요,2374
"저는 심각한 질병에 걸렸는데, 의료비가 너무 부담스러워요",1722
최근에 일자리를 잃어서 기분이 매우 우울하고 압도되는 기분이에요,1934
"노인 부모님이 만성 질병을 진단 받으셨고, 돌봄에 도움이 필요해요",2613
중독에 힘들게 괴로워하고 있고 이를 극복하기 위해 도움이 필요해요,2302
살고 있는 나라에서 헤매여서 목적지를 찾기도 어렵고 제도를 탐색하기도 어려워요,3642
장애가 있어서 매일 입고 요리하는 것과 같은 일상적인 업무에 도움이 필요해요,2898
나는 장애를 가진 군인이고 차량 연비를 감당하기 어려워요,2008
1980년 5월 민주화 운동 중에 다쳤고 재정적인 지원이 필요해요,1620
할아버지는 전쟁 영웅이고 차량 연료비에 어려움을 겪고 있어요,2547
"에이전트 오렌지 노출로 인해 건강 문제를 겪는 사람들을 위한 혜택에 대해 들어봤는데, 더 알려주실 수 있을까요?",2574
군 복무로 인해 장애를 가지고 있고 차량 유지비를 감당하기 힘들어요,1504
국가보훈대상자 친환경차량(전기·수소차) 진행한 시위 중에 다쳤어,2913
전투 경험이 있는 군인인데 경제적으로 고생하고 있어,1801
장애가 있어서 적절한 직업을 찾기가 어려워,3190
한 부모 가정이고 생활을 견디기 힘들어,2259
저소득자인데 영양가 있는 식사를 제공받기 어려워,1970
전쟁 참전 용사로서 다친 상태로 대중 교통을 이용하기 어렵습니다,1750
"저는 학생이고, 학교 통학 비용에 어려움을 겪고 있습니다",2010
최근에 일자리를 잃어 직무 면접의 교통비를 감당할 수가 없습니다,3078
장애가 있어 혼자 여행하기가 어려워요,1498
저는 노인이며 소득이 제한적입니다,2907
전쟁 베테랑인데 매달 전화요금을 내기 힘들어요,3984
정부 공무원으로 일하고 있는데 인터넷과 전화요금을 감당하기 어려워요,2591
역사적인 혁명 중 다쳐서 전화비를 내기가 어려워요,4013
장애인인데 매달 통신요금을 관리하는 것이 힘들어지고 있어요,4110
민주주의 운동에 참여했는데 전화 서비스 비용을 감당하는 게 어려워요,2501
최근에 은퇴했는데 아파트 월세를 감당하기 힘들어요,2407
전쟁 참전용사의 자식으로 나는 자영업을 시작하고 싶어요,4468
농부로서 더 많은 땅을 구매하기 위해 추가 자금이 필요해요,2544
"부모님이 전쟁용사로서 혜택을 받고 계셨는데, 저도 그 혜택을 상속 받을 수 있을까요?",2965
나는 전쟁 참전용사이고 저의 현재 집을 더 접근성 있게 개조해야 해요,3883
"나는 한국 군에서 10년 이상 장교로 복무했고, 최근에 은퇴했어",1835
"나는 비장교로 복무했고, 사업을 시작하려는데 충분한 자본이 없어",2703
"나는 10년 이상 군에서 복무했고, 은퇴 후에 안정적인 주거를 찾는 데 어려움이 있어",1842
나는 최근에 장교로 군 복무를 마치고 더 높은 교육을 받고 싶어,2026
"나는 비장교로 오랜 기간 동안 군에서 복무했고, 은퇴 후에 나의 삶을 안정시키고 싶어",1785
"최근에 일자리를 잃었고, 새로운 취업을 찾는 데 어려움을 겪고 있어요",1757
장애가 있어 일상 생활 도움이 필요해요,2337
가정 폭력 생존자로 안전한 장소가 필요해요,1842
학생인데 등록금을 지불하는 데 도움이 필요해요,3079
저는 저소득이라서 음식이나 옷과 같은 기본적인 필요물들을 감당하기 어려워요,3936
나는 군대에서 20년 이상 복무한 후 최근 은퇴했어요,1825
나는 혼자 부모로서 살기 힘들어요,1925
나는 움직이기가 어려운 장애를 가지고 있어요,1890
나는 회사의 축소로 인해 최근 일자리를 잃었어요,1651
나는 가정 폭력의 피해자이고 다시 발을 틀 수 있을 때까지 안전한 곳에서 지내야 해요,2348
나는 최근에 병역을 마쳤고 현재 실업 중입니다,2931
나는 몇 년 동안 프리랜서로 일하고 있지만 생계 유지가 어려워졌어요,2720
"나는 최근에 새로운 부모가 되었고, 아이를 키우는 데 필요한 모든 경비를 관리하기가 어려워졌어요",3614
나는 장애가 있어서 취업을 찾는 데 어려움을 겪고 있어요,2818
나는 장기간 동안 일을 못하고 있고 다시 일어서기가 어렵습니다,2181
전사된 장애 군인이고 법적 문제로 고민이 있어요,1467
저는 혼자서 어려운 생활을 하고 있는 싱글맘이에요,2509
저는 최근 이민자로 이민국의 복지 체계에 대해 잘 몰라요,1807
제가 독거하는 노인이고 일상 생활에서 도움이 필요해요,3040
저는 저소득층이고 의료비를 감당하기 어려워요,1917
"최근에 직장을 잃었고, 경제적인 책임들을 이행하는 데 어려움을 겪고 있어요",2063
저는 장애가 있어서 적절한 일자리를 찾는 데 어려움이 있어요,2010
"저는 싱글 부모이고, 어린이 돌봄 비용에 도움이 필요해요",4248
"저는 노인이고, 일상 생활 도움이 필요해요",3241
"저는 저소득 개인이고, 기본 필요품을 감당하기 어려워요",4351
최근에 일자리를 잃어 기본 생활비를 도와줄 돈에 어려움을 겪고 있어요,2195
"저는 한부모로, 아이들의 교육을 제공하기가 힘들어요",2151
최근에 장애가 발생해 일상생활에 도움이 필요해요,2719
"저는 혼자 사는 노인이고, 집안일과 잡일을 도와줄 도움이 필요해요",2253
소득이 적어 저렴한 주택이 필요해요,4704
저는 10년 이상 군 복무를 한 공군 예비역입니다,1820
전자는 10년 이상 군복무를 한 싱글 부모입니다,3642
"제 학력은 꽤 좋은 편인데, 대학 교육을 받고 싶어요",3049
제가 10년 이상 군복무를 한 퇴역 군인입니다,1819
"저는 10년 이상 군복무를 한 예비역인데, 대학에서 학위 과정을 이수하고 싶습니다",2093
저는 최근에 대학원에 입학했는데 재정적인 지원이 필요해요,2422
제 아이가 특수교육 학교에 다니고 있는데 교육 지원을 찾고 있어요,2579
제 아이는 전쟁 참전 용사의 후손이고 현재 대학에 다니고 있어요,2660
제가 전쟁 참전 용사의 배우자이며 대학에 입학하고 싶어요,2416
저는 최근에 장애로 인해 일자리를 잃었고 이제 교육 기회를 찾고 있어요,2057
최근에 일자리를 잃어서 생활비를 마련하기가 힘들어요,1560
만성 질병이 있어서 의료비를 감당하기가 어려워요,1767
저는 소득이 적고 싱글 부모이기 때문에 자녀를 늘리기가 어려워요,2270
저는 독립적으로 생활하기가 어려운 장애를 가지고 있어요,2741
제 아이의 교육비를 지불하는 데 어려움을 겪고 있어요,2164
저는 정부의 복지 지원을 받아 기본 생활비와 의료비를 지원받는 저소득자입니다,3986
저는 6세 이하의 자녀와 함께하는 싱글 부모입니다,3841
저는 장애인이며 정부로부터 일상 생활과 의료 지원을 받고 있어요,2836
저는 혼자 살고 있는 노인이며 정부로부터 연금을 받고 있어요,1925
저는 정부의 복지 지원을 받는 저소득자입니다,3201
최근에 일자리를 잃어 어려움을 겪고 있어서 음식과 옷 같은 기본 필수품을 구매할 수 없는 상황입니다,2592
상담 받는 분의 가족 집이 화재로 파괴되어 생활할 곳이 없습니다,1699
최근에 심각한 질병이 판정되어 비용이 많이 드는 치료가 필요합니다,2807
"상담 받는 분은 가정 폭력을 경험한 싱글 부모이며, 자녀와 함께 안정된 가정 환경을 유지하기가 어렵습니다",1684
저소득 개인이 자녀의 교육용품과 교육 비용을 지불하기 어려운 상황입니다,1507
"저는 최근에 싱글 부모가 되었는데, 일과 아이 돌보는 것을 동시에 하기가 정말 힘들어요",3769
저는 일자리를 잃었고 생계 유지하기가 힘들어요,1908
저는 10대이고 부모님이 이혼하려고 해요,1853
저는 싱글 부모이고 아이의 기본 생활비를 제공하기가 경제적으로 힘들어요,4291
"저는 다문화적인 배경을 가지고 있고, 때로 차별을 당하기도 해요",1475
최근에 일자리를 잃었고 생활비에 어려움을 겪고 있어,1730
노인 어머니가 혼자 살고 일상생활에 어려움을 겪고 있어,1558
"최근에 이 나라로 이민 왔는데, 현지의 이용 가능한 자원에 대해 잘 몰라",1630
제 아이가 장애를 가지고 있어서 적절한 서비스와 지원을 찾는 것에 압도되고 있어,3274
정신 건강 문제를 겪고 있고 일상생활에 영향을 주고 있어,3692
최근에 직장을 잃어서 월세를 내기가 힘들어요,1815
제가 장애가 있어서 제 필요에 맞는 가격이 저렴한 주거지를 찾는게 어려워요,3442
저는 한 부모로서 제가 가족을 위한 집을 구입할 여력이 없어요,6675
"제 조부모님은 전쟁 시기의 학대 피해자였고, 우리는 경제적으로 어려움을 겪고 있어요",2795
"제가 최근에 북한에서 이주했는데, 제가 살 곳이 없어요",3920
저는 소득이 적은 단부모이고 가족을 위한 주택을 어려움을 겪고 있습니다,5625
최근에 일을 잃어 도시에서 저렴한 주택을 찾는 데 어려움을 겪고 있습니다,5452
저는 장애를 가지고 있어 휠체어 이동이 가능한 주택이 필요합니다,1896
"저는 미래를 위해 돈을 저축하려고 하는 청소년이지만, 같은 사람들을 위한 저렴한 주택 옵션이 있는가요?",4716
노인 부모님들이 현재 주택을 유지하기 어렵다고 합니다,3011
대학생이고 지금 공부하고 있는데 집이 없어서 어떻게 해야 할까요?,2562
저는 어린 아이와 함께 한 부모이고 우리는 월세 아파트에 살고 있어요,2406
저는 혼자 사는 노인이고 현재 주거비를 감당하기 어렵습니다,2308
저는 자영업자로 스스로 사업을 시작하려고 합니다,2785
저는 현재 산업단지에서 일하고 있는데 주변에서 저렴한 주거를 찾기 어렵습니다,2609
"신혼자인데, 배우자와 첫 집을 사려고 돈을 저축하고 있어요",2894
"노인 부모님이 저와 함께 살고 있는데, 저희처럼 다세대 가족에 적합한 주택 솔루션을 찾고 있어요",7730
"저는 혼자 자녀를 둔 싱글 부모이고, 안정적이면서 가격이 저렴한 주거 옵션이 필요해요",3525
제가 장애인이라서 접근성이 좋고 필요한 조건을 충족시키는 주거 옵션을 찾고 있어요,2001
제 소득이 낮은 편이고 집 구매 경험이 없어요,3071
"저 최근에 결혼했는데, 제 배우자와 저는 저렴한 주택을 찾기가 어려워요",5832
"제가 평생 동안 부모님과 함께 살았는데, 이제 독립해서 집을 가지고 싶어요",5337
"저는 한부모 가정이고, 제 아이들을 위한 안정된 주거를 제공하기가 어려워요",2023
"저는 점점 나이를 먹고 있는데, 시니어로서 적합한 주거를 할 수 있는지 걱정돼요",1365
우리 가족은 많은 아이들이 있어서 모든 사람들에게 넉넉하고 저렴한 주택을 찾는 것이 점점 어려워지고 있어요,4680
"새로 결혼한 지 얼마 안 됐는데, 저희는 저렴한 집을 찾고 있어요",5867
저는 싱글 부모로써 안정된 집을 찾는 데 어려움을 겪고 있어요,4396
대학을 졸업했고 첫 직장을 시작했어요,2291
저는 장애를 가지고 있어서 접근 가능한 집을 찾는 데 어려움을 겪고 있어요,1481
저는 현재 실직 중이고 경제적으로 어려운 상황에 처해 있어요,2524
"저는 독신 부모로, 아이에게 안정된 주거 환경을 제공하기 위해 고민입니다",2020
최근에는 팬데믹으로 인해 일자리를 잃어 월세를 감당하는 데 어려움을 겪고 있습니다,1593
"저는 부모님 집을 나와 처음으로 독립한 젊은 성인으로, 저렴한 주택을 찾는 데 도움이 필요합니다",5824
저는 장애가 있어 지역 내에서 이동이 용이한 주택 옵션을 찾고 있습니다,4188
고정 수입으로 생활하는 노인으로 월세를 지불하기가 어렵습니다,2337
"상담 속 최근에 새로운 도시로 이사를 왔는데, 저렴한 주택을 찾기 어렵습니다",5456
"상담 속 제 파트너가 저에게 폭력을 행사했고, 안전한 곳에 머물 수 있는 곳이 필요합니다",2418
"상담 속 저는 범죄 피해자이며, 현재의 집에 머무르는 것이 안전하지 않은 것 같습니다",2274
"상담 속 저는 싱글 부모로, 아이들과 함께 살기에 적합한 곳을 찾는 데 어려움을 겪고 있습니다",3273
"상담 속 저는 임시 숙소에서 살고 있는데, 더 안정적인 주택 옵션을 찾고 있습니다",6262
"최근에 일자리를 잃어버렸고, 월세를 낼 돈에 어려움을 겪고 있어요",2042
아버지가 갑자기 돌아가셔서 이제 가족들이 생계에 어려움을 겪고 있어요,3188
차 사고에 연루되어서 지금은 갚을 수 없는 의료비가 쌓여 있어요,1507
"집이 자연재해로 인해 손상되었고, 수리할 수단이 없어요",1929
"남편이 팬데믹으로 인해 일자리를 잃었고, 아이들이 굶주리는 상황입니다",3486
최근에 직장을 잃어서 월세를 내기 어렵습니다,1813
저는 장애가 있어서 현재의 주거 환경이 접근하기 어렵습니다,3980
"저는 어린 성인이고, 부모님 집에서 나갈 돈이 없어요",2745
"저는 노인이고, 제 현재 집은 수리가 필요한데 돈을 내기 어렵습니다",2192
제 소득이 낮아서 이 지역에서 저렴한 주택을 찾기 어렵습니다,5444
"나는 사적 건물을 가지고 있는데, 슬레이트 지붕이 수리가 필요해",1665
"최근에 슬레이트 지붕이 있는 집을 구매했는데, 지붕이 새고 내부에 피해를 일으키고 있어",2305
"나는 시골 지역에 살고 있고, 집에 슬레이트 지붕이 있다",2477
"난 저소득 주택 소유주인데, 슬레이트 지붕이 복구가 불가능한 정도로 손상되어 교체가 필요해",2484
"슬레이트 벽이 있는 거주하지 않는 건물을 소유하고 있는데, 일부 부분이 붕괴되고 있어요",2301
저는 생계를 유지하기 힘든 싱글 맘입니다,3757
"저는 최근 은퇴를 했고, 저렴한 주택 옵션을 찾고 있습니다",5893
"저는 신체적 장애가 있고, 접근성 기능이 없는 오래된 아파트에 살고 있습니다",1972
"조부모님께서는 20년이 넘게 자기 집에 살고 있는데, 유지보수를 관리하는 것이 점점 어려워지고 있습니다",2044
저는 저소득자로서 오랜 시간 동안 아파트를 렌트하고 있습니다,3272
"나는 방금 새 아파트에 이사를 왔는데, 가스 파이프와 호스가 상당히 오래되어 낡아 보인다",3711
"어머니가 최근에 부엌용  가스 실린더를 사용하기 시작했는데, 고무 호스를 사용하는 것을 걱정하고 있어요",2156
"저는 어린 아이와 함께 사는데, 가스 시설이 안전하고 확실한지 확인하고 싶어요",1451
저는 유체 장애가 있어 가스 실린더를 접근하고 다루기 어렵습니다,3323
최근에 집을 리모델링하면서 가스 파이프가 손상되어 가스 공급을 안전하게 복원해야 합니다,1782
내가 최근에 새 집을 사서 에너지 비용을 절약할 방법을 찾고 있어,2657
나는 오랜 시간 일하고 요리할 시간이 별로 없어,3906
나는 학생이고 공부에 도움이 필요해,2095
요즘 스트레스를 많이 받고 마음을 편하게 하고 싶어,2292
집에 물건이 많은데 정리하고 조직화하고 싶어,3799
저는 저소득층 가정에 살고 매달 전기 요금 납부에 고민이 있어요,4658
저는 장애가 있어서 제 필요를 충족시켜줄 일자리를 찾는 데 도움이 필요해요,2495
우리 가족은 영양한 식사를 제공하기 위해 애를 쓰고 있어요,2113
"최근에 일자리를 잃어버렸고, 집세와 공과금을 지불하는 데 재정적 도움이 필요해요",2983
저는 혼자 사는 노인이고 일상적인 가사를 처리하는 데 어려움이 있어요,1739
최근에 직장을 잃어서 청구할 수가 없어요,1806
"제 아이가 심각한 질병을 가지고 있는데, 계속되는 의료 치료로 인해 정말로 힘들어요",2129
저는 혼자서 자녀를 불리고 생계유지를 힘들게 하고 있어요,1566
"저는 장애를 가지고 있는데, 어떤 서비스에 접근하는 데 어려움을 겪고 있어요",1784
"저는 혼자 사는 노인이고, 가끔 기본 생활비에 어려움을 겪습니다",2811
저는 소득이 적어 생활을 버티기 힘들어요,2320
제 아이가 만성 질병을 진단받았어요,3840
집에는 곰팡이와 먼지가 많아요,1845
저는 혼자 지낼 수 있는 가격이 저렴한 주택을 찾는데 도움이 필요해요,4930
저희 어르신들이 알레르기와 호흡기 질환으로 고생하고 있어요,3017
최근에 일자리를 잃어서 지불해야 할 계산서에 고민이에요,2087
저는 싱글 부모이고 보육비를 감당하기 힘들어요,2257
저는 장애가 있어서 일상 생활에 도움이 필요한데 어떤 도움이 있을까요?,2151
제가 저소득 학생인데 대학 등록금을 감당하기 어려워요,3875
저는 노인이고 건강 관련 비용에 도움이 필요해요,3051
"신혼 부부여서 연간 수입이 5천만원인데, 처음 집을 사려고 하는데 계산한대로 대출금을 갚을 돈이 없어요",2128
저는 두 자녀를 둔 싱글 부모입니다,3811
"저는 30대 직장인이고, 자기 집을 사기 위해 저축을 해오고 있는데, 올라가는 부동산 가격 때문에 합리적인 가격의 선택지를 찾기가 어려워요",3318
"저는 시골 지역에 살고 있는데, 늘 여기에 집을 사고 싶었습니다",4622
저는 아파트를 빌리고 있는 노인입니다,4288
저는 이제 19살이 되었는데 집을 소유하고 있지 않아요,5787
"저는 두 자녀를 둔 싱글 부모이고, 저렴한 주택을 찾는 데 어려움을 겪고 있어요",6151
저는 최근에 일자리를 잃어서 월세를 내기가 어려워요,1825
"저는 장애가 있는 사람이고, 저희 집의 접근성을 위해 개조가 필요해요",1709
"저는 저소득의 노인이고, 집을 따뜻하게 유지하는 비용을 감당할 수 없어요",2009
"최근에 결혼해서 새로운 집으로 이사하려고 하는데, 보증금을 내기에 돈이 부족해요",2077
"저는 두 자녀를 둔 싱글 부모이고, 더 큰 집으로 이사가야 하는데 보증금을 마련할 돈이 없어요",2470
"다른 도시에서 일자리를 제안받았는데, 새 아파트의 보증금을 지금은 마련할 수 없어요",2080
재개발 프로젝트의 일원이 되어 새로운 집의 보증금에 도움이 필요해요,3660
"첫 집을 구매하고 싶은 청년 전문직이지만, 계약금에 대한 재정적 지원이 필요해요",3031
저는 결혼한 지 얼마 안 된 부부입니다,1585
제가 한 부모로 두 자녀를 키우고 있는 상황입니다,3814
제가 최근에 다른 도시로 전근한 새로운 직장을 갖게 되었습니다,1382
제 소득이 제한되어 있어 시골 지역에서 주택을 임대하고 있는데 월세를 낼 수 없는 상황입니다,2916
제가 장애인이라서 거주지의 접근성과 이동성을 향상시키기 위해 주택 개조가 필요합니다,3615
아들의 대학 등록금을 마련하기 위해 돈이 필요해요,3397
결혼을 앞두고 첫 집을 장만하려고 해요,7552
경제적으로 어려움을 겪고 있어요,2471
퇴직 준비를 하고 있어서 미리 마련을 해두려고 해요,4376
부모님이 설립한 가게를 이어받고 싶어요,1548
"최근에 새 도시로 이사를 왔는데, 예산 내에서 저렴한 주택 옵션을 찾는 게 어렵습니다",5458
"안정된 직장을 가지고 있지만, 주택을 사기 위한 계약금을 모으는 데 어려움을 겪고 있습니다",2571
"저는 저소득자이며, 월세를 제 시간에 내기가 힘듭니다",3402
저는 직장을 시작한 젊은 성인으로서 도시에서 저렴한 임대 아파트를 찾고 있습니다,5451
최근에 어려운 재정 상황을 겪어 이전 집을 떠났습니다,7192
저는 방을 빌리기 위해 큰 금액을 보증금으로 내야 했어요,1342
저희 부부가 결혼을 했고 새로운 집으로 이사를 계획하고 있어요,7137
"저는 두 자녀와 함께 살고 있는 싱글 부모이고, 현재 렌탈 주택에 살고 있어요",2794
"저는 최근 일자리를 찾기 위해 새로운 도시로 이사를 왔는데, 렌탈 아파트의 보증금으로 큰 금액을 지불해야 했어요",2123
저는 노인이고 많은 해 동안 같은 집에 살고 있어요,4033
대학에서 졸업한 어린 성인 카운슬러인데 일자리를 찾고 있어,3388
싱글 부모인데 최근에 일자리를 잃고 경제적으로 어려움을 겪고 있어,3276
독거인고 연로한 시민인데 움직임에 문제가 있어,1447
장애인이고 취업을 찾기 어렵다고 고민하고 있어,3213
저소득자인데 공과금을 납부하는 데 어려움을 겪고 있어,3767
저는 오랫동안 빚 갚는 데 어려움을 겪고 있어요,2789
제가 최근에 일자리를 잃어서 생활이 힘들어지고 있어요,1654
저는 소득이 제한적인 단부모입니다,2571
저는 상환하기 힘든 대출을 갖고 계신 고령자입니다,2420
"여러 개의 대출을 갖고 있고, 이자율 때문에 상환하기 어려워지고 있어요",2904
내가 많은 빚을 가지고 있고 상환금을 따라가지 못하고 있어요,3026
최근에 직장을 잃었고 지출을 감당하기가 정말 힘들어요,2269
내 월급은 모든 청구서와 빚을 감당하기에 충분하지 않아요,1861
"이미 오랜 시간 동안 빚에 시달리고 있는데, 이를 해결하기 위한 프로그램이 있을까요?",2821
빚에 파도치고 있고 어떻게 해야 할지 모르겠어요,1875
싱글 부모로 아이를 돌보아야 해요,4083
"최근에 심각한 병을 앓았고, 아직 회복 중이에요",1949
저는 장애인이고 장애 정도가 심해요,2769
저는 노인이고 혼자 살고 있어요,3758
만성적으로 아픈 가족 구성원이 있어서 지속적인 돌봄과 지원이 필요해요,1873
매달 식료품값을 감당하기 힘들어요,1532
소득이 낮아 생활이 힘들어요,3023
저는 한 부모로 어린이들을 지원하기가 어려워요,2837
최근에 일자리를 잃어 경제적으로 어려움을 겪고 있어요,2484
한정된 자금으로 고생하는 학생입니다,3858
"최근에 사업을 다시 시작했는데, 국민연금 보험료를 내기 힘들어요",2094
갑작스런 일자리 상실로 인해 국민연금 보험료를 낼 수가 없어요,2367
근 재직 상태로 인해 수입이 없어 국민연금 보험료를 낼 수가 없어요,2649
"이전에 수입이 없어 국민연금 보험료 면제를 받았었는데, 이제 다시 납부를 하고 싶어요",1955
"낮은 소득층 지역에 살고 있는데, 월 국민연금 보험료 납부에 어려움을 겪고 있어요",2481
최근에 일자리를 잃었고 재정적으로 힘들어지고 있어요,2276
저는 싱글 부모이고 어린이 돌봄을 감당할 수 없어요,4267
저는 움직임에 제약이 있는 장애인입니다,2886
저는 정신 건강 상태가 나빠서 치료가 필요한데 돈이 없어요,3589
저는 홀로 사는 노인이고 고립된 느낌이 들어요,3024
"최근에 일자리를 잃어버렸는데, 생계를 꾸리는 게 어려워졌어요",2395
저는 신체적인 장애가 있어서 취업을 찾는 데 어려움을 겪고 있어요,3210
"저는 저소득의 단위 가족이고, 자녀를 부양하기가 힘들어요",2273
최근에 은퇴해서 외로움과 고립을 느끼고 있어요,4163
"저는 저소득 가정의 학생이고, 등록금을 감당하기 힘들어요",3139
최근에 일자리를 잃어서 생활을 근근이 이어가지 못하고 있어요,1810
"저는 어린 아이들을 동반한 싱글 부모이고, 육아 기술에 도움이 필요해요",3500
저는 혼자 살고 있고 고독함을 느끼고 있어요,2568
저는 장애가 있어서 일상 생활에서 지원이 필요해요,2274
저는 공부에 어려움을 겪고 있는 학생이에요,2135
최근에 차 사고를 당했는데 보험이 없어요,1849
저는 한 부모로써 자녀와 제 자신의 의료비를 감당하기 힘들어요,1800
현재 재정적으로 어려움을 겪고 있어서 이번달 임대료를 내기 어려워요,2305
"저는 신체적 장애를 가지고 있어서 특수 보조 기구가 필요한데, 너무 비싸요",2600
"낮은 소득으로 생활하고 있는데, 재정적인 안정에 대해 걱정이 많아요",2256
최근에 일자리를 잃어서 기본 지출을 감당하는 게 어려워요,1368
"제 노인 부모님은 홀로 살고 계시는데, 가사일과 개인적인 돌봄을 혼자서 처리하기 힘드신 것 같아요",3155
저는 신체적인 장애가 있어서 휠체어나 목발과 같은 이동 보조 기구가 필요해요,3053
"저는 싱글 부모이고, 일하면서도 저렴한 보육 옵션에 도움이 필요해요",3842
"저는 최근 이민자이고, 언어 수업을 통해 의사 소통 능력을 향상시키는 데 도움이 필요해요",2950
저는 최근에 일자리를 잃었고 생활비를 마련하는 데 어려움을 겪고 있어요,1664
저는 싱글 부모이고 일과 아이 돌보기를 균형있게 해내기가 어렵습니다,3799
저는 장애가 있어 대중교통을 이용하기가 어려워요,2957
고령의 부모님이 멀리 떨어져 계시고 그들의 안녕을 걱정합니다,2988
"저는 최근에 이 나라로 이민 왔는데, 고립된 느낌이 들어서 어려움을 겪고 있어요",2315
"저는 저소득 싱글맘인데, 아이의 기본 생필품을 제공하는 데 어려움을 겪고 있어요",3693
저 최근에 일자리를 잃어서 집세와 공과금을 내기 어렵습니다,2502
저는 장애가 있어서 집에 휠체어 통로를 설치해야 합니다,3110
저는 노인이고 목욕과 식사 준비와 같은 일상 생활 도움이 필요합니다,3693
저는 학생인데 등록금과 교과서 비용을 지원받아야 합니다,3173
"최근에 임신을 알게되었는데, 어떤 일이 기대되고 스스로와 아기에 대해 어떻게 돌봐야 할지 전혀 모르겠어요",3566
새로 태어난 아기가 있고 그 책임감에 압도되는 것 같아요,4881
출산 전진 검사와 예방 접종 스케줄을 파악하기 힘들어요,2380
처음으로 엄마가 되어 막막한데 임신 과정에서 무엇을 기대해야 하는지 모르겠어요,2334
"아기의 건강에 대해 걱정되는데, 신뢰할 만한 정보를 찾는 방법을 모르겠어요",3888
"방금 임신한 것을 알게 되었는데, 건강한 임신을 위해 확인하고 싶어요",3456
"나는 종종 외로움과 고립을 느끼는데, 특히 은퇴한 이후로 말이에요",4225
"최근에 만성 질환을 진단 받았는데, 증상을 관리하는 데 어려움을 겪고 있어요",2715
나는 장애가 있어 적합한 일자리를 찾는 데 어려움을 겪고 있어요,2446
"저는 저소득 가정의 단독 부모이고, 아이들에게 영양 가득한 식사를 제공하는 데 도움이 필요해요",3856
"나 최근에 임신했는데, 나와 아기가 질병으로부터 보호받을 수 있도록 하고 싶어요",3509
내 어린 자녀가 아프지 않을까 걱정돼요,3187
나는 노인이고 나이가 들면서 건강하게 지내고 싶어요,3188
내 직장은 체력적인 노동이 많이 필요해서 자주 근육통이 생겨요,2310
"나 최근에 새로운 도시로 이사를 왔는데, 외롭고 고립된 느낌이 들어요",4022
저 최근에 출산을 했어요,1710
저는 소득이 낮아 영양가 있는 음식을 어렵게 구매하는 일이 종종 있어요,1824
제 아이가 체중이 부족하고 제대로 성장하지 않고 있어요,3569
저는 식사 준비와 올바르게 음식을 섭취하는 데 어려움을 겪는 장애가 있어요,2931
저는 최근에 임신했다는 사실을 알게 되었고 건강한 임신을 위해 도움이 필요해요,2783
"최근에 임신했는데, 태교 및 분만에 필요한 의료비용을 어떻게 감당해야 할지 모르겠어요",1977
제 아이가 항상 아파서 의료비와 약값을 감당하기 힘들어요,1353
저는 의료 서비스에 한계가 있는 외진 지역에 살고 있어 제대로된 의료 지원 없이 출산을 하게 될까봐 걱정돼요,3564
"저는 최근에 유산을 겪었는데, 그에 대한 모든 의료 치료와 수술비를 본인이 부담해야 했어요",2518
임신 중인데 태교 비타민 및 필요한 약값을 감당하기 힘들어요,2635
"최근에 집에서 출산을 했는데, 저에게 재정적 지원이 가능한지 확실하지 않아요",4596
"제 친구가 아이를 입양하려고 하는데, 어떤 혜택을 받을 수 있는지 궁금해해요",3572
"저는 임신 중이고, 태교비용에 도움을 줄 수 있는 서비스가 있는지 궁금해요",2946
"저의 언니가 곧 출산을 할 건데, 비용 때문에 걱정돼요",2456
"저는 싱글맘이고, 경제적으로 힘들어하고 있어요",3235
나는 최근에 일자리를 잃었고 생계 유지에 어려움을 겪고 있어요,2034
나의 노인 부모님은 모두 장애가 있어서 계속적인 돌봄이 필요해요,2912
나는 장애를 가지고 있어서 취업하기 어렵습니다,3229
나는 싱글 부모이고 제한된 소득으로 아이의 교육을 지원하기 힘들어요,2770
나는 최근에 집을 잃고 아이들과 함께 머물 곳이 없어졌어요,3136
저는 싱글맘인데 최근에 일자리를 잃었어요,1850
부모님이 일상 생활에서 도움이 필요하지만 간병인을 고용할 여유가 없어요,2779
저는 일상 활동을 하는데 어려움을 겪는 장애가 있어요,2844
저는 저소득이라 가족을 위한 영양식품을 살 수 없어요,2022
"팬데믹으로 인해 최근에 일을 잃었고, 임대료 납부에 어려움을 겪고 있어요",1703
임신했는데 태교비가 걱정돼요,3667
저희 부부가 막 아기를 낳았는데 의료비를 감당하기 힘들어요,1311
저희 아이가 2세 미만인데 의료 치료가 필요한데 돈이 없어요,2768
최근에 임신했는데 건강보험에 가입되지 않았어요,2203
소득이 낮아서 임신 관련 의료비를 도움을 받고 싶어요,2987
최근에 일자리를 잃어서 생활비를 갈기 위한 어려움을 겪고 있어요,1830
저는 장애가 있어서 독립적으로 생활하기 위해 추가적인 지원이 필요해요,2269
"제 아이는 특수교육이 필요한데, 교육과 발달에 도움이 필요해요",1548
최근에 싱글 부모가 되어서 새로운 책임에 압도되고 있어요,3855
저는 노인이라서 일상적인 일과 잡일을 처리하는 게 어려워지고 있어요,2937
"저는 방금 싱글 부모가 되었고, 안정된 수입이 없습니다",3912
저희 남편과 저는 경제적으로 힘들고 곧 세 번째 아이를 출산할 예정입니다,2170
저는 최근에 일자리를 잃고 임신했습니다,1864
"제 아내는 현재 쌍둥이를 임신했고, 추가적인 돌봄이 필요한 장애가 있습니다",3675
"저희는 저소득 가정이며, 막연소작사태를 겪었습니다",1610
싱글맘인데 아기를 막 낳았어요,3576
친구가 곧 아기를 낳을 건데 출산 후 첫 주에 도와줄 가족이 없어요,5223
저는 결혼하지 않은 엄마로 최근에 아이를 낳았어요,3679
언니가 싱글맘이 될 건데 아이를 낳고 나서 모든 것을 혼자 관리하는 게 걱정돼요,3650
사촌이 입양을 고려 중인데 결정하기 전에 아기를 제대로 돌볼 수 있는 도움이 있는지 알고 싶어요,3494
2번째 아이를 가지게 된 것을 방금 알았어요,4445
"회사 동료가 최근에 아이를 낳았다는데, 그녀는 어떤 종류의 금전적 혜택을 받았다고 언급했어요",5635
"가족을 꾸리려고 노력 중인데, 재정적 부담을 걱정하고 있어요",1578
"최근에 아이를 입양했는데, 입양 부모님들을 위한 추가 혜택이 있는지 궁금해요",3626
"여러 해 일하고 있는데, 곧 가족을 꾸리기로 생각 중이에요",2317
최근에 아빠가 되어서 저의 새로 태어난 아이와 최대한 많은 시간을 보내고 싶어요,4134
직장에서 정말 스트레스를 많이 받고 있어서 생산성에 영향을 주고 있어요,2912
"노인의 엄마는 혼자 살고 있는데, 걱정되고 안전을 보장하기 위해 어떻게 해야 할까요?",2695
"최근에 일자리를 잃었고, 생계를 유지하기가 힘들어요",1813
제 몸에는 움직이기 어려운 신체적 장애가 있어요,2272
"새로 알게 된데로, 저는 프리랜서로 일하고 있다",4197
"아내와 함께 소규모 사업을 운영하고 있지만, 고용 보험은 가입하지 않았다",2243
"저는 자영업자로 일하고 있는데, 최근 유산을 경험했다",3098
"지난 몇 년간 프리랜서로 일하고 있는데, 최근에 임신 소식을 알게 되었다",4866
"고용 보험 대상이 아닌 소규모 회사에서 일하고 있는데, 어린이를 낳았다",1615
"저는 최근에 새로운 부모가 되었고, 제 파트너의 육아휴직 동안에 재정적인 지원이 필요합니다",3287
"직장에서 너무 스트레스 받고 있어서, 정신 건강을 돌보기 위해 휴가가 필요합니다",2627
최근에 일자리를 잃었고 생계유지에 어려움을 겪고 있습니다,2388
"저는 장애를 가진 학생이며, 교육에 접근하기 위해 특별한 지원이 필요합니다",1580
"저는 저소득층이며, 음식과 주거와 같은 기본적인 필요물품을 구매하기 어려움을 겪고 있습니다",3843
"저는 최근에 새로운 부모가 되었는데, 아기를 돌보기 위해 일을 쉴 여유가 있는지 확신이 안 서요",4591
저는 등을 다쳐서 청소와 요리 같은 일상적인 작업에 어려움을 겪고 있어요,2142
"저는 일을 잃었고, 새로운 일을 찾기 위해 고통받고 있어요",2788
"운전을 할 수 없는 장애가 있지만, 의료와 식료품 구매를 위해 이동할 필요가 있어요",2025
저는 학생이고 수업에 필요한 교과서를 살 수가 없어요,2015
최근에 부모가 된 것이 어렵네요,2661
일자리를 잃어서 경제적으로 어려운 상황입니다,2147
장애를 가지고 있어 적절한 일자리를 찾기 힘들어요,1562
"노인 부모님께서 일상 생활에서 도움을 필요로 하시는데, 저는 풀타임으로 돌봐드릴 수 없어요",4345
제가 학생인데 교육비를 내기 어려워요,2716
"방금 아기를 낳았는데, 육아 휴가 동안 재정적인 지원이 필요해요",2476
"소규모 사업을 운영하고 있는데, 육아 휴가 중인 직원 대체를 위해 누군가를 고용해야 합니다",2793
"저는 곧 아이를 낳을 예정인데, 육아 휴가 동안 재정적인 영향에 대해 걱정이 되네요",4567
아내가 방금 출산했고 곧 육아 휴가에 들어갈 예정입니다,2990
"최근에 부모가 되었는데, 일과 가정 책임을 균형있게 유지하기 어렵습니다",3654
아기를 막 낳았는데 아이를 돌볼 시간을 갖기 위해 일을 조금 쉬고 싶어요,3738
"제 아이가 곧 유치원에 입학하는데, 이 중요한 시기에 더 많은 시간을 함께 보내고 싶어요",3890
"최근에 아이를 입양했는데, 그들과 밀착하기 위해 일을 조금 쉬고 싶어요",3244
장애가 있어서 새로 태어난 아이와도 질 좋은 시간을 보내고 싶어요,3582
저는 싱글 부모이고 육아 휴가 중에 재정적인 지원이 필요해요,3702
최근에 사장이 된 작은 회사를 운영하고 있어요,2322
"저는 사업주 협회에 소속되어 있고, 회사 직원들을 위해 더 좋은 어린이 보육 시설을 제공하고 싶어요",2105
제가 운영하고 있는 어린이 보육 시설들을 개보수하고 업그레이드하고 싶어요,1650
"우리 회사는 대형 기업으로 운영하고 있는데, 직원들을 위한 독립적인 어린이 보육 시설을 만들고 싶어요",1920
회사에서 어린이 보육 직원들의 급여와 운영 비용을 지원해주는 재정 지원이 필요해요,2790
저는 6세 아이를 둔 싱글맘인데 돈이 많이 부족해서 힘들어요,3815
대학을 졸업했지만 직장을 찾는 게 어려워서 고민 중이에요,2486
혼자 살고 있는 노인이고 외로움과 고립감을 느끼고 있어요,3038
최근 장애를 진단 받았고 일상생활에서의 도움이 필요해요,2487
저희 가정은 저소득층이라 영양가 있는 식사를 제공하기 힘들어요,2783
나 최근에 아이를 낳았거든요,4904
"저, 곧 유치원등록을 시킬 아이가 있는데 비용이 걱정돼요",3571
제가 어려우신 부모님의 돌봄을 맡고 있어서 재정적인 도움이 필요해요,2007
제가 장애를 가지고 있어서 일상적인 일을 도와주어야 하는데 어떤 옵션이 있는지 알려주세요,2499
저희 가족이 경제적으로 힘들어서 영양가 있는 식사를 갖기 힘들어요,2777
"나는 막 아이를 낳았고, 경제적 부담 없이 아이를 돌보며 집에 머무르고 싶어",4098
"저는 곧 초등학교에 입학하는 유아를 키우고 있는데, 비용에 대해 걱정되네요",2331
"저는 시골에 살고 있고, 특수 요구를 갖고 있는 어린 아이가 있어요",3532
"제 아이가 곧 1살이 되는데, 풀타임 어린이 돌봄 서비스를 찾고 있어요",4653
"저는 한 부모이고, 아이를 키우는 데 재정적인 도움이 필요해요",2611
"저는 최근에 부모가 되었고, 경비를 도와주기 위해 재정 지원이 필요합니다",2272
저는 가족을 위한 저렴한 주택을 찾는데 어려움을 겪고 있어요,5621
저는 현재 실직 중이며 취업 기회를 찾는 도움이 필요합니다,2647
저는 장애를 가지고 있어 독립적으로 생활하기 위한 지원이 필요합니다,2243
저는 노인이고 일상적인 일과 활동에 도움이 필요합니다,3244
"최근에 새로운 아기를 가졌는데, 경제적으로 힘들어요",4062
"한 살짜리 아이가 있고, 전업주부인데 돈에 어려움을 겪고 있어요",3924
육아를 하면서 일하는 부모인데 아이 돌봄비가 부담스러워요,3520
"저는 일을 하고 있는 부모이고, 아이를 온날 돌봄 프로그램에 맡겼어요",2263
"방금 출산을 했는데, 이 시기에 경제적으로 어떻게 해야 할지 잘 모르겠어요",2881
나는 아이를 키우느라 고생하고 있어,4448
최근에 일자리를 잃었고 생활을 유지하는 게 힘들어,2272
최근에 장애 진단을 받았는데 적응하기가 힘들어요,2973
저는 혼자 살고 있는 노인이고 늘 외로움을 느끼고 있어요,3037
우리 가족이 경제적으로 어려운 시기를 겪고 있고 청구서를 감당하기가 힘들어요,3279
일하는 싱글 부모로서 제 아이를 돌볼 사람을 찾기 어렵습니다,3592
"저는 장애를 가진 아이를 키우고 있는데, 특수한 돌봄을 제공해주는 서비스를 찾기가 어려워요",3781
"저는 최근에 신생아 부모가 되었고, 아기를 돌보는 일에 압도됩니다",3856
제 수입이 적어 영양한 식사를 제공하기가 어려워요,1812
저는 일하는 부모로서 직장과 아이 돌봄을 균형잡기가 어렵습니다,3758
3살 아이를 키우는데 육아비용에 도움이 필요해요,4037
저는 싱글 워킹 부모이고 자주 늦은 시간까지 일해야 해요,3435
"제 아이는 현재 유치원에 다니고 있는데, 연장 어린이돌봄에 추가 비용에 어려움을 겪고 있어요",3639
주간에도 일하고 주말에도 아이를 돌봐줄 돌보미를 찾을 수 있는 곳에 대해 어떤 제안이 있을까요?,3529
소득이 적고 제가 일할 때 아이가 연장 어린이돌봄이 필요해요,4586
"저는 싱글 부모이며, 아이를 돌봐줄 사람이 필요해요",3853
제 노인 어머니는 목욕과 요리 같은 일상 활동에 도움이 필요해요,2248
최근에 일을 잃어서 기본 생활비를 감당하기가 힘들어요,1913
저는 장애가 있어서 이동을 돕기 위한 특별 장비가 필요해요,2543
"저는 임신한 여성이고, 태교와 육아에 대한 지도가 필요해요",1529
저는 싱글 부모이고 7살 아이를 위한 야외 방과 후 돌봄을 저렴하게 찾기 힘들어요,3498
최근에 일자리를 잃어서 가족의 기본 생활비를 제공하기 어려워요,1803
저의 노인 부모님이 혼자 살고 있고 일상 생활 도움이 필요해요,1621
저는 저소득자인데 의료비를 지불할 돈이 없어요,1811
저는 장애가 있어서 취업하기 어려워요,2851
"나는 최근에 아이를 입양했는데, 그들의 양육을 돕기 위해 재정 지원이 필요해요",1743
"내 아이가 감정적인 문제로 고민하고 있는데, 추가적인 치료 옵션을 찾고 있어요",3408
나는 장애를 가지고 있고 최근에 아이를 입양했어요,2662
입양한 아이를 위해 의료 지원이 필요해요,1275
일회성 입양 축하금이 있다는 소문을 들었어요,1888
"최근에 새로운 부모가 되었는데, 아기 돌보는 법을 전혀 몰라요",3911
"저는 싱글 부모이고, 일과 아이 돌보는 것을 균형잡기가 어려워요",3760
제 아이가 학교에서 성적이 좋지 않아서 과외 도움이 필요해요,2869
"저는 장애인이고, 일상적인 일들에서 도움이 필요해요",2344
"나는 노인이고, 외로움과 고립감을 느껴서 사회적인 활동에 참여하고 싶어요",2526
"최근에 부모가 되었는데, 아이를 돌보는 것에 압도되고 있어요",4099
"일도 하고 노인 부모님 돌봐야 하는데, 모든 것을 혼자서 관리하는 것이 정말 어려워지고 있어요",3766
"저는 한 부모이고, 일하거나 용무를 처리해야할 때 아이를 돌볼 사람을 찾기 어렵습니다",3765
우리 동네에는 부모와 자녀를 위한 자원이 많이 없어요,2353
저는 새로 이민 와서 이 지역에서는 많은 사람들을 모르고 있어요,2025
최근에 임신했다는 사실을 알게 되었고 건강한 임신을 위해 노력하고 싶어요,2782
제 아이가 체중이 부족하고 제대로 자라지 않는 것 같아요,3569
저는 저소득 싱글 부모이고 가족에게 영양가 있는 식사를 제공하는 것이 어려워요,3909
"항상 피곤하고 약하다는 느낌이 들고, 영양이 부족한 것 같아요",2181
최근에 출산을 했고 모유 수유 중에 최고의 영양을 제공하고 싶어요,1841
"나는 최근에 아기를 낳았는데, 아이의 건강에 대해 걱정이 되어요",3585
우리 아이가 희귀한 질병을 가지고 있어서 특수분유나 치료비에 대한 재정적인 지원이 필요해요,2126
"우리 가족은 아이들이 여러 명인데, 경제적으로 어려움을 겪고 있어요",3912
"새로운 아기가 태어났고, 대사 이상이 있는지 알아보고 싶어요",3972
우리 아이가 선천성 대사 이상을 진단받았어요,3773
최근에 아기를 낳았는데 그들의 청력에 대해 걱정이 돼요,4179
"제 아들이 학교에서 고민이 있고, 선생님이 청각 문제가 있을 수 있다고 언급했어요",2876
"저는 저소득 가구의 일원이고, 제 아이에게 청각 장애가 있어요",2766
최근에 나이 든 아버지가 대화하는데 어려움을 겪고 있는 것 같아요,3248
"소음이 심한 환경에서 일하고 있는데, 최근에 청력이 저하되기 시작한 것 같아요",3170
최근에 저는 조산아를 낳았고 그로 인해 의료비가 상당히 부담됩니다,1524
제 아이가 선천성 이상 진단을 받았고 수술이 필요하지만 의료비를 지불하는 게 어려운 상황입니다,1557
"두 자녀를 혼자 키우는 싱글 부모로서, 선천성 이상을 가진 아이의 의료비를 감당하기가 어렵습니다",3882
제 소득이 낮아 조산아를 낳았고 의료비 부담이 걱정됩니다,1755
제 아이가 출생 직후에 신생아 중환자실에 입원했습니다,1580
"나는 최근에 조기 출생한 아기를 가졌고, 의료비가 너무 많아지고 있어서 힘들어",1198
"나는 저출생 체중 아기를 막 출산했는데, 장기적인 의료비에 대해 걱정돼",2380
"내 아기는 2,500 미만으로 태어났고, 의료비를 감당하기 어렵다",1222
"나는 조기 출생 아기를 키우는 중인데, 의료비를 지불하기 어려워",1105
"내 친구가 최근에 조기 출생 아기를 가졌는데, 의료비에 대해 걱정하고 있어요",1417
소득이 적고 최근에 아기를 낳았어요,2926
저는 싱글 부모이고 아이에게 기저귀와 분유를 제공하기가 어려워요,3922
"여러 아이를 키우고 있는데, 모든 아이에게 기저귀와 분유를 제공하는 게 부담스러워요",4211
저는 장애를 가진 사람이고 저의 아이를 위해 기저귀와 분유를 구하는 데 도움이 필요해요,1964
소득이 적은 가정이고 아기에게 기저귀와 분유를 구입하는 데 도움이 필요해요,4098
3개월된 아기가 있어서 건강하고 잘 발달하고 있는지 확인하고 싶어요,3584
제 아이가 5살이고 전반적인 건강과 치아 건강을 체크하고 싶어요,4724
저는 저소득층이라 아이의 건강검진에 재정 지원이 필요해요,3222
아기가 발달 지연이 있을 것 같아서 철저한 평가가 필요해요,3918
"제 아이가 비만이거나 청력, 시력 문제 등 일반적인 건강 이슈에 대해 검사받고 싶어요",3569
"제 아이가 시력에 문제가 있는 것 같은데, 어떤 조치를 취해야 할지 잘 모르겠어요",3510
"난 저소득 지역에 살고 있는데, 제 아이가 안과 수술이 필요한데 돈이 없어서 못하고 있어요",1478
"제 아이가 눈이 자꾸 불편하다고 하고, 물체를 제대로 보지 못하는데 어떻게 해야 할지 모르겠어요",3541
커뮤니티에서 시력 건강을 홍보하고 아이들의 안락한 눈을 관리하기 위해 어떤 도움을 받을 수 있을까요?,3421
"제 아이에게 시각적 장애 진단이 내렸는데, 적절한 치료와 지원을 받을 수 있도록 도움을 받을 수 있을까요?",1655
"나 최근에 임신했는데, 내 아기가 필요한 예방접종을 제대로 받을 수 있도록 하고 싶어",4694
"우리 아기가 어린이집에 처음 가기 시작했는데, 아이가 병에 걸리지 않을까 걱정돼요",4166
"저는 두 아이를 혼자 키우고 있는데, 건강 관리 비용이 부담스러워요",3425
"우리 아이는 장애가 있어, 필요한 예방접종을 받을 수 있도록 하고 싶어요",3698
"최근에 새로 이사를 왔는데, 아이의 예방접종을 어디로 가야 할지 잘 모르겠어요",3133
"저는 최근에 아기를 낳았는데, 병원 입원비에 대해 걱정입니다",3255
제 아이가 10살인데 입원이 필요하다고 합니다,3566
소득이 적은데 제 아이가 수술을 해야 해요,1683
"제 딸이 최근에 병원에 입원했고, 의료비를 내기 힘들어요",1461
"저는 경제적으로 고생하고 있는 싱글 부모이고, 아들이 입원이 필요해요",4744
제 이를 심하게 마실 때문에 치과 치료비를 감당할 수 없어요,1665
저는 한부모이고 어린이 돌봄에 도움이 필요해요,4161
최근에 일자리를 잃어서 어려움을 겪고 있어요,2402
제가 장애를 가지고 있어서 일상생활에서 도움이 필요해요,2345
저는 노인이고 외로움과 고립감을 느끼고 있어요,3202
저는 직장 다니는 부모입니다,2065
저는 소득이 적고 싱글 부모입니다,2571
여러 아이를 키우다 보니 방과 후에 그들의 활동과 숙제 관리가 어려워요,3146
초등학교에 다니는 제 아이가 창의적이고 신체 활동에도 기회가 많은 방과 후 활동을 원해요,2797
"초등학교에 다니는 제 아이를 방과 후에 안전하고 감독되는 장소에 두고 싶은데, 건강한 간식도 제공하는 서비스를 아시나요?",1932
"저는 직장에 다니는 부모이고, 방과 후에 아이를 돌볼 사람이 필요해요",3318
노인인 엄마가 혼자 사는데 일상 생활에서 도움이 필요해요,2046
저는 장애가 있어서 요리하고 청소와 같은 일상적인 작업에 어려움을 겪고 있어요,4501
최근에 일자리를 잃어 가족을 부양하는 데 어려움을 겪고 있어요,1719
"저는 싱글 부모이고, 육아 기술과 지원이 필요해요",2538
"나는 긴 시간 근무하는 싱글 부모이고, 방과 후에 아이를 돌볼 사람을 찾기 어렵습니다",3484
"내 아이가 학교에 적응하는 데 어려움을 겪고 있고, 학습에 추가적인 지원이 필요합니다",2295
"저는 저소득층 부모이고, 아이에게 영양 가득한 식사를 제공하기 위해 도움이 필요합니다",2597
최근에 새로 이사한 동네에서 아이가 다른 아이들을 만날 수 있는 활동에 참여하길 원합니다,3306
"내 아이의 정서적인 복지에 대해 걱정되며, 전문 상담사와 이야기할 수 있다면 도움이 될 것 같습니다",4684
"부모로서 일도하고 있는데, 내 아이가 방과 후에 추가적인 지원이 필요한 것 같아",1201
"저는 싱글맘인데, 일과 아이 돌봄을 조화롭게 하는 게 점점 어려워지고 있는데요",4335
제 아이는 다양한 학문적 주제에 관심이 있어서 다양한 활동을 해보고 싶다고 합니다,3710
제 아이가 학교에서 어려움을 겪고 있어서 도움이 필요해요,3515
"제 아이가 전과 외교 활동에 참여하길 원하지만, 어떻게 시작해야 할지 잘 모르겠어요",6651
"최근에 신체적인 장애로 인해 일자리를 잃었고, 어떤 종류의 지원을 받을 수 있는지 잘 모르겠어요",1581
저는 혼자서 아이를 키우는 단부인으로 생계 유지에 어려움을 겪고 있어요,4248
최근에 저는 매우 고립되고 외로움을 느끼고 있어요,5122
저는 정신 건강 상태가 좋지 않아서 일상 생활을 대처하는 것이 어렵습니다,3398
"저는 노인이고, 제 자신과 가사 일을 돌보는 것이 어렵습니다",2975
"최근에 일자리를 잃어버렸는데, 제가 어떤 지원을 받을 수 있는지 잘 모르겠어요",1585
저는 장애가 있어서 집에서 일상 생활이 힘들어요,3130
"제가 노인 가족 한 명이 있는데, 일상 업무를 도와줄 사람이 필요해요",2136
제가 저소득층이고 기본 생활 필요품을 구매할 돈이 부족해요,3769
"최근에 새로운 지역으로 이사를 왔는데, 사람들을 만날 수 있는 커뮤니티 센터가 어디 있는지 찾고 있어요",3840
최근에 일자리를 잃었고 생활에 어려움을 겪고 있습니다,2162
저는 대학생이고 저는 움직임에 제약이 있는 장애를 가지고 있습니다,2481
노인 부모님이 만성 질병을 진단받았고 정기적인 의료 관리가 필요합니다,2757
코로나-19 대유행으로 인해 최근에 실직했습니다,3661
저는 세 명의 어린 아이를 둔 싱글 부모입니다,4232
최근에 일자리를 잃어서 생계를 유지하기 힘들어요,3236
저는 독립 생활이 어려운 장애를 가지고 있어요,2905
저는 싱글 부모이고 어린이 돌봄에 돈을 내기 힘들어요,3919
저는 요즘 기분이 매우 우울해서 누군가에게 이야기를 해야 할 것 같아요,3515
저희 노인 부모님은 홀로 사시고 안전을 걱정하고 있어요,2619
최근에 직장을 잃었고 지금 생계유지에 어려움을 겪고 있어요,2098
저는 싱글 부모이고 양육비를 감당하는 것이 어려워서 일하는 능력에 영향을 미치고 있어요,4159
장애를 가진 가족 구성원이 있어 돌봄 지원이 필요해요,1686
최근에 만성 질환으로 진단받았는데 의료비 지원이 필요해요,3316
저는 노인이고 신체적 한계때문에 집을 유지하는 게 어려워지고 있어요,3192
저는 한 부모로서 경제적으로 어려움을 겪고 있고 육아 지원이 필요합니다,2716
저는 최근에 직장을 잃어서 집세와 공과금을 내기 어려워지고 있습니다,2542
저는 신체장애가 있는 사람으로서 목욕과 요리 같은 일상 생활에 도움이 필요합니다,2954
저는 저소득 노인으로서 영양가 있는 식사를 제공받는 것이 어렵습니다,1618
저는 저소득 가정에서 온 학생으로서 교재를 구매할 돈이 없습니다,3064
"최근에 장애가 있는 아이를 입양했는데, 그들의 돌봄 관련 비용을 감당하기가 어려워요",1252
가족 중 심한 장애를 가진 사람이 있어서 지속적인 돌봄이 필요해요,3005
저는 싱글맘이고 장애가 있는 자녀가 있어요,3381
제가 장애가 있어서 적절한 일자리를 찾는 게 어려워요,2005
"제가 혼자 사는 노인인데, 외로움을 느껴요",2849
저는 최근에 싱글 부모가 되어 자녀를 뒤쫓기 위해 고생하고 있어요,3911
저는 노인이고 혼자 살고 있어요,3758
"저는 팬데믹으로 인해 직장을 잃었고, 집세를 내기 어려워 지켜야 할 집에 나가지 못할 것 같아요",1781
제 자녀는 특별한 지원이 필요하고 학교에서 추가 지원이 필요합니다,2186
저는 최근에 다쳐서 움직이기 어렵습니다,4041
"나는 싱글맘인데, 자녀를 혼자 돌보는 것이 힘들어요",3411
"내 자녀는 장애가 있고, 보육원이나 유치원에 보낼 돈이 없어요",1281
"나는 직장 다니는 부모이고, 낮동안 자녀 돌봄에 도움이 필요해요",3492
"내 자녀는 아직 학교에 다닐 수 있는 나이가 아니지만, 집에서 돌봄을 도와줄 수 있어요",2950
"나는 저소득 가정이고, 장애 아동의 돌봄을 위한 재정적 지원이 필요해요",4204
아이가 심각한 장애를 가진 저는 혼자 자녀를 양육하고 그들의 일상적인 요구를 충족시키고 적절한 돌봄을 제공하기 어렵습니다,3665
"수입이 적고 장애가 있는 형제와 함께 살고 있는데, 기본 필요물품을 구매하거나 적절한 돌봄을 제공하기 어려운 상황입니다",3165
장애아동의 부모로서 아이를 돌보는 동안 일에 출근하기 어려워 정말 힘들고 어렵습니다,3438
장애아동의 부모로서 일상적인 돌봄 책임으로 인해 종종 지친 상태이며 휴식이 필요합니다,3782
"장애아동을 돌보는 일을 하고 있는데, 비슷한 경험을 하는 다른 가족들과 소통하고 싶습니다",2834
"제 아이는 특수 요구사항이 있는데, 가족 모두가 휴식과 회복시간을 갖기가 점점 어려워지고 있어요",3686
배우자와 함께 발달 장애가 있는 아이를 돌보는 것에 압도되고 있어요,2091
저는 장애를 가진 아이를 혼자 키우고 있어요,3027
저희 가족은 스트레스를 풀고 결속을 다지기 위해 휴가가 필요해요,2383
우리 아이는 자폐증이 있어서 동료들과 소통할 기회를 거의 가지지 못해요,3564
저는 특수 필요를 가진 아이를 키우는 동안 발생하는 어려움에 맞설 수 없는 싱글 부모입니다,3609
"최근에 일자리를 잃었고, 이 어려운 시기에 가족을 어떻게 지원할지에 대해 강한 스트레스를 느끼고 있습니다",1929
노인 부모가 홀로 살고 일상적인 활동에 어려움을 겪고 있습니다,2093
"만성 질병 진단을 막 받았으며, 다음에 어떤 조치를 취해야할지에 대해 혼란스럽고 불확실한 느낌이 듭니다",2705
"저는 젊은이이며, 길거리에서 생활하고 있습니다",4494
최근에 다리를 다쳐서 일상 생활을 혼자서 할 수가 없어요,2686
고령의 어머니께서 약물 복용 일정을 혼자서 관리하기가 어려워하고 계세요,2216
"저는 싱글 부모이고, 낮에 일하면서 아이를 돌볼 사람이 필요해요",3564
제 친구가 최근에 외로움을 많이 느끼고 동행이 필요하다고 해요,2183
"고령의 할아버지께서 움직임에 어려움을 겪고 계시고, 보조가 필요하다고 합니다",1825
7세 장애 아동을 키우고 있는데 방과 후 케어가 필요합니다,1207
고령 모친이 혼자 살고 일상 생활에 어려움이 있습니다,1765
최근 장애로 인해 직장을 잃어 생계를 유지하기 어렵습니다,2118
"10살 아들이 학교에서 자주 문제를 일으키는데, 상담이나 지도에서 도움을 받을 수 있을 것 같습니다",2390
"저는 저소득 싱글 부모이고, 제 자녀들에게 영양가 있는 식사를 제공하는 데 도움이 필요합니다",3849
"나는 싱글 부모이고 전일제로 일하고 있지만, 방과 후에 아이를 돌볼 사람이 없어요",3821
"나의 노인 부모님이 홀로 생활하고 있고, 때로는 요리나 청소와 같은 일상적인 도움이 필요해요",2549
최근에 일자리를 잃어서 생활에 어려움을 겪고 있어요,2414
저는 장애가 있어 일상 생활을 더 편리하게 해주는 장비가 필요해요,2931
"요즘 기분이 매우 우울하고, 대화를 나눌 누군가가 필요하다고 생각돼요",1745
최근에 일자리를 잃어서 경제적으로 힘들고 있어요,1754
"노인 부모님이 혼자 살고 계시는데, 그들의 안전을 걱정하고 있어요",2636
저는 장애가 있고 고등 교육을 받고 싶어요,1808
저는 한 부모 가정이고 잠시 동안 재정적인 지원이 필요해요,1944
저는 중독에 고민이 있고 치료를 받고 싶어요,1801
다른 사람들과 말하고 의사소통하는 게 어렵습니다,2033
신체적으로 움직이기 힘들어서 운동 기술을 향상시키는 데 도움이 필요합니다,1873
"특별한 요구를 가진 아이를 키우고 있는데, 그들의 발달을 지원하기 위해 치료가 필요합니다",1878
등을 다쳐서 전문적인 도움을 받아야 합니다,1783
학습장애가 있는 친구가 있어서 학교에서 추가적인 지원이 필요합니다,2851
나는 특수 교육을 받고 있는 특수학교에 다니고 있는 특수 아동을 둔 부모입니다,1623
"나는 일하는 부모이고, 장애 아동은 방과 후 교육 활동에 대해 추가적인 지원과 기회가 필요합니다",3031
"나의 노인 부모님은 장애가 있어 목욕, 옷 입히기 및 식사 준비 등 일상 생활에 도움이 필요합니다",2441
"나는 장애가 있는 사람으로, 전반적인 발달과 사회 참여를 향상시키고 싶습니다",3251
"나는 장애 아동의 부모이며, 그들의 발달 능력을 향상시키고 동시에 사회 활동에 더 많이 참여하고 싶습니다",3951
대학에서 청각 장애가 있는 학생입니다,2618
제 아이는 학습 장애가 있어 학교에서 학급 동료들과 따라가기 어렵습니다,3413
저는 신체적 장애로 인해 이동이 어려워하는 직장인입니다,3399
최근에 시력을 잃어서 컴퓨터나 휴대폰에서 정보를 접근하기가 어렵습니다,2325
저는 홀로 사는 노인으로 자주 외로움과 고립감을 느끼고 있습니다,2726
"나는 최근에 은퇴했고, 나를 채울 수 있는 새로운 취미를 찾고 있어요",4922
"나는 직장인이고, 종종 기술적으로 뒤쳐져 있는 것 같아요",3187
제 딸은 장애가 있어서 컴퓨터와 기술 사용에 어려움을 겪고 있어요,2683
"나는 소규모 사업주인데, 제품을 온라인에서 판매하여 고객층을 확대하고 싶어요",3044
"나는 전업 주부이고, 종종 디지털 세상과 분리되어 있는 것 같아요",5239
학생들과 장애를 가진 학생들과 함께 일하는 선생님이에요,2396
특수 교육이 필요한 아이의 부모입니다,1931
특수 교육 선생님으로 공부하고 있는 학생입니다,2358
학교 관리자입니다,2161
포괄적인 교육에 대한 연구를 진행 중인 연구원입니다,2601
저는 25세인데 일할 수 없는 장애인이에요,4829
"나는 시각 장애가 있는 노인인데, 내 자격에 맞는 아르바이트 찾고 있어",3586
"저는 발달 장애가 있고, 어르신 도우미로 사회에 기여하고 싶어요",4212
"현재 정부 지원금을 받고 있는데, 일자리 지원에 대한 기회를 탐색하고 싶어요",3109
"일 경험이 없는 청소년인데, 아르바이트를 통해 좀 더 기술을 익히고 싶어요",3272
"저는 최근에 회사 구조조정으로 인해 일자리를 잃었고, 다음에 어떻게 해야할지 막막합니다",1977
"재정을 관리하는데 어려움을 겪고 있고, 제대로 다시 시작하는데 도움이 필요합니다",1836
"제가 항상 작은 사업을 시작하고 싶었는데, 어디서부터 시작해야하고 자금을 어떻게 조달할지 모르겠습니다",2625
"저는 장애를 가진 학생이고, 학업에서 성공하기 위해 지원과 편의를 받아야합니다",2002
"최근에 지침과 스트레스를 많이 느끼고 있는데, 이야기를 나누고 지원을 받을 수 있는 누군가 필요하다고 생각합니다",2579
장애로 인해 적절한 일자리를 찾는 데 어려움을 겪고 있어요,2084
노인 부양을 하며 자주 지칠 때가 많아요,2732
최근에 일자리를 잃어버렸고 생활비를 감당하기 힘들어요,1459
학습 장애를 가진 학생이고 수업에 따라가기가 어려워요,2609
저는 자폐증을 가진 청소년이고 사회적 기술에 어려움을 겪어요,3440
저는 아이들을 지원하고 경제적으로 어려움을 겪는 싱글 부모입니다,2591
"최근에 일자리를 잃었고, 새로운 일자리를 찾기 어려워 고민 중입니다",2258
제가 일부 일을 혼자서 처리하기 어려운 장애를 가지고 있어서 일상 생활 활동에 도움이 필요합니다,2856
나이 든 혼자 사는데 자주 외로움을 느끼고 고립된 느낌입니다,3721
만성 질병을 가지고 있어 의료비와 약물 구매에 어려움을 겪습니다,1720
"최근에 일자리를 잃었고, 새로운 취업을 찾기 어려워요",2074
저는 신체적인 장애가 있어서 집에서 일상 생활을 돕는 도움이 필요해요,2498
"요즘 외롭다는 느낌이 많이 들고, 사회적 교류가 필요한데, 어떤 아이디어가 있을까요?",5044
"재정을 관리하는데 어려움이 있고, 종종 빚에 시달려요",1794
"저는 싱글 부모이고, 어린이 돌봄을 도와줄 수 있는 방법이 있을까요?",3510
대학을 졸업한 지 얼마 안 돼서 직장을 찾는 데 어려움을 겪고 있어,2489
나는 싱글맘인데 오랜 시간 동안 일을 한 적이 없어,3930
"나는 최근에 50세가 되었는데, 취업 기회가 줄어들고 있다는 느낌이 들어",3307
"나는 신체적인 장애를 가지고 있고, 일상생활에 어려움을 겪고 있어",3818
"나는 최근에 일자리를 잃어버렸고, 기분이 상당히 좋지 않아",1992
한 쪽 다리가 불편해서 일부 작업을 할 때 어려움을 겪고 있어요,1978
청각 장애 때문에 효과적으로 의사소통하는 데 어려움을 겪고 있어요,2443
서류 작성과 문서 정리에 도움이 필요해요,1670
새로운 환경과 상황에 적응하기 어려워요,5445
시각 장애가 있어서 읽기와 정보 접근에 도움이 필요해요,2365
최근에 대학을 졸업했는데 일자리를 구하기 힘들어요,3362
저는 신체적으로 장애가 있어서 요리와 청소 같은 일상적인 일을 도와주는 것이 필요해요,3328
저는 싱글부모이고 아이를 돌보기 위해 재정적인 지원이 필요해요,4053
최근에 일자리를 잃어서 월세를 내기 힘들어요,1436
저는 노인이고 의료 약속을 위해 교통 수단의 도움이 필요해요,2050
나는 최근에 작은 사업을 시작했는데 새로운 직원 고용을 위해 재정적인 지원을 찾고 있어요,1855
장애를 가진 가족 구성원이 취업에 어려움을 겪고 있어요,2543
나는 장애인이고 스스로 사업을 시작하고 싶어요,3786
장애로 인해 오랫동안 일을 하지 못하고 있어요,2960
나는 소규모 사업주이고 장애인을 위한 더 포용적인 직장을 만들고 싶어요,2507
최근에 직장을 잃었는데 새로운 일자리를 찾기 힘들어요,2018
"저는 한 부모이고, 제 아이를 돌보기 어렵습니다",3845
"저는 학생이고, 높은 교육을 받고 싶은데 등록금을 감당할 수 없습니다",3036
"저는 정신 건강 문제로 고통받고 있고, 일상 생활에 영향을 미치고 있어요",2747
"저는 혼자 사는 노인이고, 자주 외로움을 느끼고 있어요",3034
"최근에 대학을 졸업했는데, 제 전공과 관련된 일을 찾기가 어려워요",2237
"저는 한부모이고, 저렴한 양육 보조금을 필요로 해요",2459
제가 이사할 수 없고 일상적인 일들을 하기가 어렵게 만드는 장애가 있어요,2902
제 어르신들이 일상 생활을 돕고 약을 관리하는데 도움이 필요해요,3047
저는 경제적으로 어려움을 겪고 가족을 위한 식사 준비가 어렵습니다,3342
저는 신체적인 장애를 가지고 있어서 제 능력에 맞는 직업을 찾고 싶어요,3939
저는 정신 건강 상태를 개선하기 위해 지원이 필요해요,3005
저는 시각 장애인이고 일상 생활 활동에서 도움이 필요해요,2578
저는 지적 장애를 가진 청소년이고 새로운 기술을 배우고 싶어요,1956
저는 이동에 문제가 있는 노인이고 교통 수단과 관련된 도움이 필요해요,2010
저는 최근 회사의 축소 정책으로 일자리를 잃었어요,2468
"저는 특별한 필요를 가진 어린 아이를 키우고 있는데, 가격이 저렴하면서 그들의 필요를 충족시켜 줄 수 있는 보육 옵션을 찾는 것이 어려워요",1978
"저는 혼자 사는 노인이고, 자주 외로움을 느끼고 사회적으로 고립되는 느낌이 들어요",3072
저는 신체적인 장애가 있어 대중 교통을 이용하기 힘들어요,3796
저는 최근 자연재해로 집이 파괴되었어요,1566
"소기업 주인으로서, 장애인을 위한 더 포용적인 직장을 만들고 싶습니다",2411
"최근 회사를 시작했는데, 고용한 장애인 직원의 요구를 충족시킬 수 있는 환경을 마련하고 싶습니다",3153
"제조업을 하는 사업주로서, 장애인을 고용하여 직원 수를 늘리고 싶습니다",2582
"레스토랑을 운영하고 있는데, 장애인 고객들이 이용하기 편리하고 환영받는 공간을 만들고 싶습니다",3236
"다양성과 포용을 촉진하는 회사에서 일하고 있는데, 장애인 직원들을 지원하는 방법을 개선하고 싶습니다",2737
지난 날들에 나는 새로운 사업을 시작했어,3297
작은 사업주로서 나는 직원들의 직장 환경을 개선하고 싶어,4213
나는 신체적 장애가 있어서 일자리를 구하는 데 어려움을 겪고 있어,2032
"나는 노인이고, 나만의 사업을 시작하고 싶어",3969
"나는 임신한 여성이고, 직장 안전에 대해 걱정이 돼",3258
소상업주로서 중증 장애인 고용에 대한 비용 관리에 어려움을 겪고 있어요,3101
특수 교육이 필요한 아이의 부모로서 학교에서 아이를 도와줄 추가적인 지원을 찾고 있어요,1466
자신의 비즈니스를 시작하려는데 지도와 지원이 필요한 장애인이에요,2983
포용적인 근로 환경을 조성하고싶은데 다양한 능력을 가진 직원들에 대한 숙면 방법을 모르겠어요,3801
장애인으로서 장애와 관련된 비용을 지원받고 싶어요,1816
"최근에 장애인을 고용해서 회사에서 일하게 했는데, 그들이 일을 도와주는 지원 서비스가 있는지 잘 모르겠어요",3057
"장애인을 고용하려고 생각 중인데, 그들에게 필요한 혜택을 제공하는 데 드는 비용이 걱정돼요",3111
"장애인이고, 직접 사업을 시작하고 싶은데, 시작 자금에 대한 금전적 지원이 필요해요",3494
제가 장애인이라서 저에게 맞는 일자리를 찾는 데 어려움을 겪고 있어요,1758
"장애인을 고용하는 것을 고려하고 있지만, 그들이 일자리에서 요구되는 업무를 수행할 수 있는지 확신이 없어요",3038
요즘 일을 잃어서 생활이 어렵습니다,2353
저는 싱글 부모이고 특수 요구를 가진 아이를 키우고 있습니다,3851
독거노인이며 가사일과 잡일을 처리하기 어렵게 느껴집니다,2393
저는 만성 질병을 가지고 있어 정기적인 의료 치료가 필요합니다,1872
최근 트라우마를 겪어서 지칠 것 같고 불안감을 느낍니다,2713
장애를 가지고 있고 나는 나만의 비즈니스를 시작하고 싶지만 어디서부터 시작해야 할지 모르겠어요,3158
최근에 장애가 생겨서 나에게 맞는 일자리를 찾고 있는데요,1663
"저는 장애를 가진 청년이고, 교육을 더 받을 방법을 찾고 있어요",2124
장애 때문에 재정을 관리하는 데 어려움을 겪고 있어요,1238
저는 장애를 가지고 있어서 사회적으로 고립되는 느낌이 들어요,2797
최근에 일자리를 잃었어요,1826
저는 신체적인 장애가 있어서 작은 가게를 열고 싶어요,2036
"저는 군인이었고, 자기 사업을 시작하려고 생각하고 있어요",2215
"저는 여러 해동안 서비스 업계에서 일하고 있는데, 이제 제 자신의 레스토랑을 열 시기가 됐다고 생각해요",3245
"저는 패션에 열정을 가지고 있고, 부티크를 열고 싶어요",2491
"나는 최근에 은퇴하고, 내 꿈인 창업을 할 새로운 기회를 찾고 있어",4852
"나는 장애를 가진 젊은 성인이고, 창업을 하고 싶지만 어디서부터 시작해야 할지, 또한 나에게 어떤 지원이 가능한지 모르겠어",4328
전쟁 피해자이자 장애를 가진 사람인 나는 창업의 가능성을 탐구하고 싶어,3176
"나는 오랜 시간동안 같은 산업에서 근무해왔지만, 장애 때문에 다른 분야로 전환하고 싶어",3039
"나는 장애를 가지고 있지만, 항상 창업에 열정을 가지고 있었지만, 이루기 위한 지식과 기술이 부족해",3641
시각 장애가 있어서 책을 읽는 데 어려움이 있어요,2663
신체적인 장애가 있어서 일반적인 마우스와 키보드 사용이 어려워요,2848
청각 장애가 있어서 의사소통이 어려워요,2654
소득이 낮아서 보조기기를 구매하기 힘들어요,2228
장애를 가진 군인이라 정보 및 의사소통 장치에 도움이 필요해요,2506
"실망스럽게도, 최근에 일자리를 잃어버렸어요",2075
"제가 만성 질환을 가지고 있어서 전문의를 자주 방문해야하지만, 약물과 치료 비용을 감당하기 어려워요",2428
"저는 장애가 있어서 정기적인 의료 관리가 필요한데, 본인 부담금을 감당하기 어려워요",1739
소득이 적어서 의료비를 지불하는 것이 어려워요,1810
제 아이는 희귀한 질병을 가지고 있는데 치료 비용이 매우 비싸요,1756
제 아이는 희귀한 질병을 가지고 있는데 치료 비용이 매우 비싸요,1756
"저는 두 자녀를 둔 싱글 부모이고, 그들의 의료비를 감당하는 데 어려움을 겪고 있어요",3393
최근에 직장을 잃었고 현재 소득이 없어요,2472
저는 만성 질환을 가지고 있어서 장기간의 치료가 필요해요,2394
"저는 노인이라고 할 수 있는데, 한정된 소득으로 처방 약을 갚기가 어려워요",3601
저는 신체적 장애가 있어서 휠체어나 보청기와 같은 보조기구의 높은 비용을 감당하기가 힘들어요,3022
긴 거리를 걷는 것이 힘들고 자주 피곤해요,2068
균형을 잡는 것이 어려워서 자주 넘어지지 않을까봐 걱정돼요,2398
들리는 게 어려워서 다른 사람들과 대화하기가 힘들어요,1454
정기적으로 병원에서 검진을 받아야 하는 만성 질병이 있어서 병원까지 이동하기 힘들어요,3055
임신 중인데 등 통증이 자주 생겨요,2133
최근에 일자리를 잃어버렸어요,1978
저는 장애가 있어서 일상 생활에서 도움이 필요해요,1908
"저는 싱글 부모이고, 아이를 양육하는 게 어려워요",3516
저는 만성 질환을 가지고 있어서 의료비에 도움이 필요해요,3254
"저는 혼자 살고 있는 노인이고, 사회적으로 고립된 느낌이 들어요",3236
나는 저소득자이고 의료비 지원이 필요합니다,1863
최근에 장애를 가졌고 일상 생활 도움이 필요합니다,2278
저는 혼자서 자녀의 교육을 제공하는 데 어려움을 겪고 있습니다,1560
정신 건강 상태가 좋지 않아 지원과 상담이 필요합니다,3005
저는 노인이고 접근성을 위한 가정 개조 지원이 필요합니다,2832
최근에 다리를 다쳐서 움직이기가 어렵습니다,1998
제 할머니는 듣기가 어려워지고 다른 사람들과 대화하기가 힘들어지고 있습니다,1122
시력이 제한되어 책을 읽거나 중요한 정보를 보는 데 어려움을 겪고 있습니다,1807
제 아이는 발달 장애가 있어 자신을 위한 옷을 입는 것이나 식기를 사용하는 것과 같은 미세한 운동 능력에 어려움을 겪고 있습니다,3827
"저는 휠체어 사용자이고, 경사로나 적절한 접근성 시설이 구비되지 않은 공공 공간에 접근하는 데 어려움을 겪습니다",2692
"최근에 장애를 지닌 아이를 입양했는데, 그들의 의료비를 감당하기가 어렵습니다",1485
저는 장애를 지닌 아이의 부모입니다,3873
"최근에 장애를 지닌 아이의 보호자가 되었는데, 그들의 의료 치료 비용을 감당하기 위해 도움이 필요합니다",1624
"저는 특수 필요를 가진 아이를 입양했는데, 모든 의료 비용을 혼자서 감당하기 어렵습니다",1538
저는 입양한 장애를 지닌 아이의 의료비를 감당하는 데 어려움을 겪고 있습니다,1297
우리 아이는 말과 언어 발달에 어려움을 겪고 있어요,3477
"노인 부모님에게 최근 청각 장애 진단을 받았는데, 그들은 효과적으로 소통하기가 어려워해요",2469
저는 지적 장애를 가진 10살 아이의 한 부모입니다,3986
"제 동생은 자폐증을 가지고 있고, 사회적 상호작용과 의사소통 기술에 어려움을 겪고 있어요",2357
"저는 어린이집에서 일하는데, 언어 발달에 지연이 있는 아이들이 몇 명 있어요",3748
최근에 일자리를 잃었고 생활비를 조기하게 마련하는 데 어려움을 겪고 있어요,1744
저는 싱글 부모이고 저렴한 보육시설을 찾기가 어려워요,1409
저는 장애를 가지고 있어서 목욕이나 옷 입기 같은 일상 생활에서 도움이 필요해요,2518
저는 학생이고 학습 장애가 있어서 공부에 도움이 필요해요,1859
저는 홀로 생활하고 느끼는 외로움과 고립감이 있어요,4643
"최근에 발달 장애를 가진 어린이를 입양했는데, 그들의 성장과 발달을 어떻게 지원해야 할지 잘 모르겠어요",1333
"나는 언어 및 말 장애를 가진 아이를 키우는 싱글맘인데, 그들의 의사 소통 기술을 향상시키는 방법을 찾고 있어요",2604
고령 부모님께서 기억력 상실과 인지능력 저하를 겪고 있어요,1895
"나는 시각 장애를 가지고 태어났는데, 독립 생활 기술과 이동에 도움이 되는 지원이 필요해요",2940
제 아이는 사회적 상호작용과 감정 조절에 어려움을 겪고 있어요,4198
새로운 동네로 이사를 왔는데 주변에 아는 사람이 없어요,1413
만성 통증을 겪고 있는데 효과적으로 관리하는 방법을 모르겠어요,2183
장애가 있어서 지역사회에서 제공하는 자원과 지원을 받을 수 있는 서비스를 찾고 있어요,1607
전반적인 건강과 웰빙을 향상시키고 싶은데 어떻게 해야 할지 가이드가 필요해요,3377
혼자 살고 있는데 자주 외로움을 느껴요,2092
최근에 수술을 받아 완전히 회복하는 것이 어렵네요,2054
제 아이는 장애가 있어서 그들의 안녕과 필요한 의료관리를 위해 지원이 필요합니다,3436
저는 장애인이고 가능한 빨리 지역사회로 복귀하고 싶습니다,2288
저는 장애인으로 노인이며 건강과 안녕을 관리하는 데 도움이 필요합니다,3341
최근에 새 도시로 이사를 왔는데 장애 관련 보건 서비스를 어디에서 받아야 할지 모르겠습니다,2126
"내가 장애가 있어서 걸어다니는 것이 어려워서 건강 검진을 받아야 하는데, 이동에 어려움을 해소해줄 수 있는 서비스가 있을까요?",2144
저는 노인이라서 정상적인 건강 검진 시설에 방문하기 어렵습니다,5471
"제가 장애를 겪고 있는데, 제 필요에 맞춘 건강 관리 서비스가 있는지 알고 싶습니다",1885
심한 장애를 겪고 있는 사람들을 위해 추가 지원을 제공해주는 건강 검진 서비스에 대해 들어봤습니다,2828
저는 외진 지역에 거주하고 있어서 의료 서비스에 접근하기 어렵습니다,2563
저 최근 다리를 다친 것 같아요,2176
저 싱글부모이고 유치원에 보내기에 돈을 내기 힘들어요,2055
저는 노년 기자이고 집에서 자주 외로움을 느끼고 있어요,4251
최근에 직장을 잃었고 청구서를 내기가 힘들어요,1812
제 가족 중 시각 장애가 있는 사람이 있어서 일상적인 일을 도와주는 서비스가 있을까요?,2513
최근에 척수 손상을 입어 일상생활에 적응하기가 어렵습니다,2528
시각 장애가 있어서 악보를 읽기가 어려워요,2067
시각 장애인인데 저는 점자 악보를 배우고 싶어요,2675
"신체 장애가 있는데, 이동과 독립을 늘리고 싶습니다",2494
"사고로 시력을 잃었고, 새로운 상황에 적응하기가 어렵습니다",2255
신체적인 장애로 일상 생활에서 도움이 필요해요,3152
집에서 자주 외로움을 느끼고 개인적인 도움이 필요해요,1818
일하고 있는데 장애가 있는 가족 구성원 돌봄을 조화롭게 할 수 없어요,1953
최근에 아기를 낳아 적응 기간 동안 추가적인 지원이 필요해요,4371
집 밖으로 나가야 하는데 장애가 있는 가족 구성원 돌보는 사람이 없어요,2006
저는 발달 장애가 있는 중년이에요,1733
"낮에 일은 하고 있지만, 여가 시간에 추가적인 지원과 사회적 교류가 필요한 것 같아요",2275
저는 발달 장애가 있는 청년이에요,1981
저는 최근에 새로운 지역으로 이사왔어요,4470
저는 발달 장애가 있어서 자주 고독하고 외로움을 느끼는데요,1907
10살 친구가 발달 장애가 있어서 방과 후에 시간을 보낼 수 있는 프로그램을 찾고 있어요,1427
"노인 부모님이 혼자 사는데 청소, 요리, 개인적인 돌봄 같은 일상적인 일에 도움이 필요해요",2063
최근 다리를 다쳐서 의료 약속에 갈 때와 식료품을 사러 갈 때 도움이 필요해요,1592
저는 한 부모로 유아를 돌보는데 저렴한 유아 양육 옵션을 찾기가 어려워요,2381
고정 수입으로 생활하고 있는 노인인데 음식과 약 같은 기본적인 필요품을 구하기 어렵습니다,1523
"저는 최근에 처음 아이를 낳았는데, 집안일과 아이 돌봄을 동시에 하는 게 어렵습니다",4437
"저는 저소득의 한 부모이고, 일과 아이 돌봄을 균형있게 조절하기 어렵습니다",2274
"저는 독거노인이고, 일상 생활과 개인적인 돌봄에 어려움을 겪고 있습니다",2859
"저는 최근에 장애를 진단받았는데, 일상 생활과 이동에 지원이 필요합니다",2327
"저는 코로나로 인해 일자리를 잃었고, 식사와 집세 같은 기본적인 필요물품을 지원받기 어렵습니다",4576
"저는 저소득 싱글 부모이고, 가족을 위한 저렴한 주택을 찾는 데 어려움을 겪고 있어요",5861
"최근에 직장을 잃었는데, 빌을 갚기 어렵습니다",1691
"저는 혼자 살고 있는 노인이고, 자주 외로움과 고립감을 느끼고 있어요",3044
저는 장애가 있어 이동을 도와줄 특수장비가 필요합니다,2176
"저는 저소득 가정 출신 학생이고, 더 높은 교육을 받고 싶습니다",2516
혼자 살고 있는 노인으로 일상 생활 가사에 어려움을 겪고 있어요,1833
최근에 일자리를 잃어서 생계유지에 어려움을 겪고 있어요,2212
제 몸에 장애가 있어 집 안에서 이동하기가 어려워요,2027
소득이 적어 의료비를 지불하기가 어려워요,1808
최근에 집 없이 되었고 어디로 도움을 청해야 할지 모르겠어요,2255
"나는 심한 장애가 있는 사람이고, 나를 돌볼 사람이 없어",2625
"나는 장애를 가진 어린 아이가 있고, 집에서 필요한 돌봄을 제공할 수 없어",3458
"나는 장애가 있고 독립적으로 살 수 있는 곳을 찾고 있어, 그런데 동시에 돌봄과 지원을 받을 수 있는 옵션은 무엇이 있을까요?",1299
"나는 장애가 있고, 임시로 머물며 보호와 돌봄을 받을 수 있는 숙소가 필요해",1789
"나는 장애가 있고, 보조 생활을 위한 자격을 갖고 있어",4312
최근에 직장을 잃어서 집세를 내기 힘들어요,2253
우리 어른은 걷기가 어려워서 집에서 도움이 필요해요,1527
요즘 정말로 스트레스를 많이 받고 압도되는 느낌이 들어요,3216
장애가 있어서 편의를 제공해주는 교통수단을 찾기 힘들어요,3106
저는 싱글 부모이고 어린이 보육비를 감당할 수 없어요,2588
나는 어려운 환경에서 아이를 키우는 싱글 부모이고 돈을 지원하기 힘들어요,3171
최근에 직장을 잃었고 취업 시장을 어떻게 활용해야 할지 잘 모르겠어요,2187
나는 혼자 사는 노인이고 자주 고립되고 외로움을 느끼는 경우가 많아요,2861
"만성 질병을 진단받고, 의료 예약 관리에 도움이 필요해요",2855
나는 장애인이고 일상 생활에서 지원이 필요해요,2272
재정적으로 어려워서 변호사를 고용할 돈이 없어요,3178
장애가 있어서 법률 체계를 이해하는 데 도움이 필요해요,2571
"가정의 소득이 평균보다 낮은데, 법적 문제에 직면하고 있어요",3277
법적 문제가 있지만 저렴한 도움을 받을만한 곳이 어디 있는지 모르겠어요,2212
법률 서비스가 비싸다는 얘기를 들었어요,2197
시각 장애가 있어서  시청이 어려워요,2228
최근에 청각 장애가 생겨서  시청을 그리워해요,1878
청각 장애와 시각 장애가 모두 있어서 를 즐기는 게 어려워요,2774
노인 아버지께서 를 듣기도 보기도 어려워하셔요,2521
제 아이가 청각 장애가 있어서  내용을 완전히 이해하기 어려워해요,4222
나는 최근에 새로운 도시로 이사를 왔는데 차가 없어서 출퇴근과 장보기가 점점 어려워지고 있어요,2551
요즘 너무 스트레스를 많이 받고 지치고 있어서 어떻게 대처해야 할지 모르겠어요,2684
저는 몸에 장애가 있어서 집에서 움직이기가 힘들어요,2176
저는 싱글 부모이고 일과 아이를 돌보는 것을 균형있게 유지하기가 어려워요,3864
저는 노인이고 자주 외로움을 느끼는데 누군가와 이야기 나눌 수 있는 사람이 있으면 좋겠어요,2533
"최근에 저는 신체 장애로 진단을 받았고, 휠체어 이용이 가능한 주차공간을 찾기가 어렵습니다",2181
저는 노인 부모님의 치매로 인해 일상 생활에서 이동이 어렵습니다,2544
"저는 장애인 복지 기관의 회원이며, 우리는 해당 기관의 차량을 이용해 함께 여행을 자주 합니다",2684
제 배우자는 장애를 가지고 있어 우리가 함께 외출할 때 편리한 주차 옵션을 찾기 어렵습니다,2036
"제 형제는 장애를 가지고 있는데, 그와 함께 이동할 때 자동차를 이용할 필요가 자주 있습니다",2030
"나는 최근 장애로 인해 일자리를 잃고 있고, 새로운 고용 기회를 찾는 데 어려움을 겪고 있어",2668
제 할머니가 최근에 시력이 저하되어 요리와 청소와 같은 일상적인 일에 도움이 필요해,1979
"나는 싱글 부모이고, 내 아이들을 위해 영양가 있는 식사를 구매하기가 어려워",3313
"내 사촌은 전쟁 참전 용사이고, 로 고민하고 있어",1994
"내 이웃은 혼자 살고 있는 노인 여성이고, 종종 외로움과 고립감을 느끼고 있어",1407
우리 가족 중 한 명이 심각한 장애가 있어서 같이 차를 구매해야 합니다,2011
저는 심각한 장애인이고 자기 이름으로 차를 사야 합니다,1575
제 동생과 함께 차를 함께 사려고 합니다,2742
"새 차를 사면 장애인을 위한 세금 면제 조건이 있는데, 어떻게 신청해야 할지 들었습니다",3225
"장애를 가진 친구가 차를 사고 싶다는데, 차에 대한 어떤 세금 면제 혜택을 받을 수 있는지 알려주세요",3231
"최근에 재산을 상속 받았는데, 상속세를 얼마나 내야 할지 잘 모르겠어요",3148
나는 장애가 있어서 일할 수 없어요,2535
"나는 전쟁 참전 재향군인이고, 재정 관리에 어려움을 겪고 있어요",1479
나는 혼자 종합 만족을 얻기 어려운 한 부모입니다,2568
나는 최근에 일자리를 잃어서 취업을 찾기 어려워요,2068
저는 최근에 새로운 도시로 이사를 와서 신체적 장애가 있어요,1337
저희 어머니는 혼자 살고 자주 외로워해요,1628
저는 싱글 부모로서 전일제로 일하고 있어요,3300
제 소득이 적어 건강한 음식을 저와 가족들에게 구입하기 어려워요,1955
저는 최근에 일자리를 잃어서 경제적으로 힘들어요,2092
최근에 장애가 생겨 더 이상 일할 수 없어졌어요,2518
저는 전쟁 참전 용사이며 심각한 질병으로 계속 치료를 받아야 해요,1965
"저는 저소득자이고 기부를 하고 싶은데, 자산을 나누면서 발생하는 세금 문제가 걱정돼요",2948
"어른되신 부모님이 최근에 세상을 떠나셨고, 유산으로 몇 가지 재산을 남겨주셨어요",1916
가족으로부터 상당한 금전 선물을 받았어요,1340
"최근에 시각 장애로 진단 받았는데, 집이나 지역에서 이동하기 힘들어요",2867
독신 부모로서 아이의 기본적인 필요를 충족시키기 어려워요,4160
혼자 살고 있는 노인이라 외로움과 고립감을 자주 느껴요,2958
최근에 일자리를 잃어서 고용을 찾기 어려워요,1979
저는 저소득층이라 의료비를 지불할 여력이 없어요,2203
"최근 건강 이슈로 인해 일자리를 잃었고, 새로운 일자리를 찾는 데 어려움을 겪고 있어요",2108
"저는 싱글 부모이고, 아이를 지원하기 어렵습니다",4482
최근 외로움과 고립감을 느끼고 있어요,3973
"노인 부모님이 혼자 살고 있고, 일상적인 일을 도와줄 수 있는 서비스가 있을까요?",3388
"최근 이 도시로 이사를 왔는데, 여기서 아는 사람이 거의 없어요",1129
"최근에 일자리를 잃었고, 새로운 일자리를 찾는데 어려움을 겪고 있어요",2261
"고령의 어머니가 혼자 살고 있는데, 요리와 청소와 같은 일상적인 일에 어려움을 겪고 있어요",2039
"우리 아이가 최근에 학습 장애로 진단되었고, 어떻게 가장 잘 지원해야 할지 모르겠어요",4279
"요즘 우울증과 불안 증상이 나타나, 일상생활에 영향을 주기 시작했어요",3528
저는 신체적인 장애가 있어 공공 장소를 독립적으로 이동하는 것이 어려워요,1896
최근에 싱글 부모가 되었어요,4032
만성 질병을 진단받고 많은 변화에 적응하기가 힘들어요,2583
팬데믹으로 인해 일자리를 잃었고 생활을 유지하기가 힘들어요,1740
"새로운 도시로 이사 왔는데, 아무도 모르는 상황이라 외로움을 느끼고 있어요",3698
장애가 있어서 기술을 향상시키고 취업 기회를 찾고 싶어요,4121
저는 신체적인 장애로 인해 이동이 어려워요,2492
저는 제한된 기동성으로 인해 일과 약속에 도움이 필요해요,2818
제 장애 때문에 출근하기가 어려워요,2605
제 장애로 인해 자주 나가는 것이 어렵기 때문에 고립된 느낌이 들어요,3635
저는 장애로 인해 혼자서 시장이나 쇼핑을 가는 게 어려워요,2276
"최근에 새로운 직장을 시작했는데, 청각 장애를 가진 동료들과 소통하는 데 어려움을 겪고 있어요",2264
우리 시니어 시민들이 청력 상실 때문에 의료 약속을 이해하는 데 어려움을 겪고 있어요,1834
청각 장애를 가진 조카와 더 잘 소통하기 위해 수화를 배우고 싶어요,3424
제가 청각 장애로 인해 직장에서 차별을 받고 있어요,3123
중요한 변호사와의 회의에서 수화 통역사가 필요해요,1528
매달  요금을 내기가 어려워요,1776
장애인이라 교통비를 감당하기가 어려워요,3255
차량 정기점검 비용을 내기가 어려워요,2303
격려금으로 공과금을 내기가 어려워요,3544
등록 장애인으로서 문화 활동과 공연을 할 돈이 부족해요,4324
저 최근에 싱글맘이 되었어요,3396
제 아이가 발달 지연이라고 진단을 받았어요,3626
저는 장애가 있어서 목욕과 옷갈아입기 같은 일상생활 지원이 필요해요,2539
"저 임신했는데, 출산전 치료를 제대로 받을 수 있도록 도움이 필요해요",3216
저희 가족이 금전적인 어려움을 겪고 있어서 아이들에게 기본 생활 필요물을 제공하기 어려워요,2140
가족 한 명이 실종되었어요,1619
저는 장애를 가진 아이를 키우는데 그 아이가 자꾸 사라져요,3215
저는 한 부모이고 제 아이가 실종되었어요,4318
저희 동네에 한 아이가 실종되었어요,3276
저는 특수교육이 필요한 아이들과 일하고 있는데 그들의 안전을 홍보하고 싶어요,2455
최근에 일자리를 잃어서 경제적으로 힘들어요,2090
"노인 어머니가 혼자 살고 있는데, 요리나 청소와 같은 일상적인 일에 어려움을 겪고 있어요",2185
저는 한 부모로서 특수 필요를 가진 아이가 있어요,3846
최근에 남자친구로부터 학대를 받았어요,2159
상태가 점점 악화되는 광견병 진단을 받은 노인 아버지를 돌봐야 해요,2867
최근에 직장을 잃어서 새로운 일을 찾는데 어려움을 겪고 있어요,1786
저는 특별한 필요를 가진 아이를 키우는데 어려움을 겪고 있어요,3782
노인 부모님이 혼자 살고 일상생활에 어려움을 겪고 계셔서 걱정이에요,2263
저는 혼자 아이들을 키우기 위해 매달 어려움을 겪고 있어요,3755
"최근에 정신 건강 상태에 대한 진단을 받았고, 매우 압도적인 기분이에요",2530
나는 도움이 필요한 싱글맘입니다,2733
"나는 이민자로, 통합과 지원에 관한 정보가 필요합니다",4004
"나는 장애를 가진 사람으로, 취업 기회를 찾고 있습니다",3677
나는 학교에서 어려움을 겪고 있는 10대입니다,2852
나는 외로움과 고립감을 느끼는 노인입니다,3471
아이를 위해 힘들게 혼자 해결하고 있는 싱글 부모입니다,3496
우리 아이는 장애를 가지고 있어 추가적인 지원과 돌봄이 필요합니다,3737
보호시설에서 살고 있는 십대입니다,2151
최근에 직장을 잃어 가족을 부양하는 데 어려움을 겪고 있습니다,2288
"아이가 아동 복지 시설에서 생활하고 있고, 그들의 발달을 지원하고 싶습니다",1582
"안녕하세요, 저는 방금 만 18세가 되었고 최근에 보호청 시스템을 떠났어요",2905
"지금까지 아동 복지 시설에서 지내왔는데, 이제 고등학교를 졸업할 예정이에요",2946
몇 년 전까지 보호청 시스템에서 지냈고 이제 스스로 자립하려고 노력하고 있어요,2249
아동 복지 시스템을 떠난지 얼마 되지 않은 젊은 성인이에요,3471
"보호청 시스템을 떠날 예정이고 독립 생활을 시작하려고 하는데, 지출 관리에 대해 걱정이에요",3208
최근에 일자리를 잃어서 생활이 어려워지고 있어요,2200
저는 싱글 부모이고 저렴한 양육교육시설을 찾기가 어려워요,2323
저는 홀로 사는 노인이고 자주 외로움과 고립감을 느끼고 있어요,2728
저는 신체적 장애가 있어서 목욕과 요리와 같은 일상 생활 도움이 필요해요,2566
가난한 사람이고 식량과 주거와 같은 기본적인 필요품을 감당할 수 없어요,4202
나는 공황증과 압도적인 감정에 시달리는 십대입니다,2525
"저는 특수 교육이 필요한 아이의 부모이고, 집에서 그들의 행동적인 어려움을 관리하는 데 도움이 필요해요",2115
"최근에 일자리를 잃었고, 취업하기가 어려워요",2067
저는 가정 폭력 생존자이며 임시로 안전한 곳이 필요해요,2422
저는 신체 장애를 가진 청년이고 일상 생활 활동과 지역 자원 접근에 도움이 필요합니다,2098
최근에 기분이 매우 좋지 않고 절망적이에요,2224
인터넷 중독으로 고생하고 있어요,1814
"가정, 학교, 지역에서 폭력을 경험하고 있어요",2395
공부에 어려움을 겪고 있고 중퇴를 생각하고 있어요,2441
외로움과 고립감을 많이 느끼고 있어요,4264
"최근에 고등학교를 중퇴했는데, 이제 어떻게 해야 할지 모르겠어요",1818
가정 때문에 정말 스트레스 받고 압박감을 느끼고 있어요,1973
"취업을 찾는 데 어려움을 겪고, 진로에 대해서 막막하게 느껴져요",2248
제 아이가 학교를 빼먹고 참여도가 안 좋아지고 있어요,3634
저는 장애가 있어 일상 생활에서 도움이 필요한데요,2901
나는 방금 학교를 떠난 십대이고 건강 검진을 받고 싶어,3597
내 아이가 방금 9살이 됐는데 건강 상태를 확인하고 싶어요,3741
내 건강이 걱정돼서 혈액 검사도 포함된 검진을 찾고 있어요,3901
친구가 건강 검진을 받아보라고 얘기했는데 어디로 가야 할지 잘 모르겠어요,4251
간염이나  같은 특정 질병에 대해 걱정돼요,2568
지원을 받을 수 있는 믿을 만한 사람이 없어 기본 생활비에 도움이 필요해요,1405
소득이 적어서 아이의 학비와 교과서를 내기 힘들어요,2033
정신 건강에 어려움을 겪고 있어서 상담과 치료에 도움이 필요해요,2235
장애가 있어서 필수 의료 치료와 약물 구매에 도움이 필요해요,2330
문화 활동에 참여하고 새로운 기술을 배우고 싶지만 수단이 없어요,1434
"제가 부모로서, 우리 연령대 아이들에게 건강한 인간관계와 동의에 대해서 가르치고 싶어요",3101
"학교에서 교사로 일하고 있는데, 학생들에게 적절한 나이대별 성 교육을 제공하고 싶어요",2984
저의 지역 사회에서 아이 한 명이 성적 착취 피해를 받고 있을 것 같아서 도움을 주고 싶어요,1585
"성적 학대를 경험한 십대로서, 치유와 회복을 위한 지원이 필요해요",3249
"저의 도시에서 아동 성매매의 유행에 대해 우려되고 있고, 이 문제에 대해 대책을 마련하고 싶어요",1778
내 아이가 인터넷과 스마트폰에 너무 많은 시간을 보내고 있어요,4024
저는 초등학교 학생이고 최근에 인터넷과 스마트폰을 사용하기 시작했어요,1916
제 14살 아이가 식사나 가족 모임 중에도 항상 핸드폰에 묶여 있어요,3649
직장인으로서 저는 종종 소셜 미디어를 둘러보거나 게임을 하면서 핸드폰에 지나치게 많은 시간을 보내곤 해요,2424
우리는 저소득 가정에서 와요,3412
학생인데 학교 일로 엄청 힘들어요,3416
제 아이가 학교에서 잘 적응하지 못하고 사회적 상호작용에 어려움을 겪는 것 같아요,3161
"최근에 이혼했는데, 제 아이의 학업 성취도가 영향을 받는 것 같아서 걱정돼요",1970
"내 십대 자녀가 감정적이고 심리적인 어려움을 겪고 있는데, 이 문제가 학업에도 영향을 주고 있어요",3260
"저는 선생님이고, 학생 한 명이 관심을 잃고 중퇴할 위험이 있어요",2261
가족 문제와 삶의 방향성에 헤매는 젊은 성인입니다,1565
집에서 어려운 시기를 겪고 있는 청소년이 대화 상대가 필요합니다,1911
어려움을 겪은 후 사회로 복귀하는 데 어려움을 겪는 문제 청소년을 알고 있습니다,1908
위기를 겪고 있지만 어디로 가야 할지 모르는 청소년을 도우려 합니다,2778
긴급한 도움이 필요한 청소년을 위한 비상 구조와 임시 숙소 서비스를 제공하는 기관을 찾고 있습니다,2482
청갑기에요,1803
"이른 나이에 있는데, 직업에 대해 매우 헷갈리고 있는 느낌이에요",5534
"제가 학생인데, 공부에 어려움을 겪고 있어요",2371
저는 부모입니다,2005
"저는 중년 여성이고, 외로움과 고립감을 느끼고 있어요",1890
새로 이사온 도시에서 가족이나 친구가 없어서 외로움을 느껴요,1638
최근에 일자리를 잃어서 세금을 내기 힘들어요,1586
요즘 정말 걱정과 스트레스를 많이 느끼고 있어요,2397
저는 한 부모이고 육아 도움이 필요해요,2165
저는 장애가 있어서 요리나 청소와 같은 일상적인 일에 도움이 필요해요,3487
최근에 일자리를 잃어버렸어요,1978
저는 장애를 가지고 있어서 일상생활에 어려움이 있어요,3497
저는 싱글 부모이고 자녀들에게 제공하기가 어려움이 있어요,3601
저는 최근에 이 나라로 이민왔는데 아무도 모르는 상황이에요,2376
저는 노인이고 혼자 살고 있어요,3758
다른 문화를 탐험하고 전 세계 사람들을 만나고 싶은 어린 성인입니다,4456
나는 다른 사람들에게 봉사하고 변화를 만들고 싶어 하는 고등학생입니다,2265
글로벌 이슈와 국제 컨퍼런스에 관심 있는 대학생입니다,3327
나는 불리한 환경에서 왔고 금전적 자원이 제한적입니다,2713
글로벌 네트워크를 확장하고 국제적인 시각을 향상시키고 싶은 젊은 전문가입니다,4684
어린이들에게 리더십 기술을 가르치고 발전시키고 싶은 십대입니다,2570
최근에 새로 이사 온 도시에서 제 아이들이 참여할 수 있는 활동이나 프로그램을 찾기 힘들어요,3146
젊은이들과 함께 일할 때의 지식과 기술을 향상시키고 싶은 선생님입니다,1628
자원봉사에 관심이 있는 십대를 키우는 부모입니다,2163
저희 지역 단체는 청소년 프로그램을 시작하고자 합니다,3383
한국으로 이사와서 언어와 문화에 적응하는 데 어려움을 겪고 있어요,1546
저는 다문화 가정에서 자라고 어딘가에 적응되지 못하는 것 같아요,1476
저는 북한에서 도망온 10대 난민이에요,1703
저는 외국 가족에서 나와 한국 사회에 통합하는 데 어려움을 겪고 있어요,1815
새로운 나라로 이민하는 과정에서 정신 건강 문제에 어려움을 겪고 있어요,1913
최근에 일자리를 잃어버렸고 생활비를 마련하는 데 어려움을 겪고 있어요,1834
저는 혼자서 두 자녀를 키우고 있는 싱글 부모입니다,3595
저는 움직임에 제약이 있는 장애를 가지고 있어요,2961
저는 한 사람으로 살고 있는 노인이에요,3499
최근에 트라우마적인 사건을 겪어서 감정적으로 힘들어요,2447
최근에 한 부모가 되어서 자녀의 고등학교 수업료를 감당하기 힘들어요,2331
"저는 저소득층 가정에서 와서 제 자녀가 곧 고등학교를 시작하게 될 건데, 어떤 재정 지원이 가능한지 알 수 있을까요?",1840
일자리를 잃어서 이제 자녀의 고등학교 경비를 감당하기 힘들어요,2848
"우리 가족은 저소득층에 속하는데, 자녀가 고등학교를 다니고 싶어요",1516
"저는 현재 기초생활수급을 받고 있는데, 내년에 고등학교에 다닐 아이가 있어요",1579
내가 혼자 높은등급으로 다니는 아이에게 식사를 제공하기 힘들어요,3406
제가 장애가 있어서 아이의 급식비를 낼 수가 없어요,2660
우리 가정은 저소득층이라 초등학교 아이에게 학교급식을 제공하기 어려워요,1427
경제적으로 어려움을 겪고 있고 중학교 아이가 학교에서 점심을 못 먹는 일이 많아요,2742
우리 가정은 저소득층이라 유치원 아이의 식사를 도와줄 수 없어요,2923
"제가 긴 시간 일하는 싱글 부모이고, 방과 후 안전하고 생산적인 장소를 찾기 힘들어요",1588
"저는 장애인이고, 요리와 청소와 같은 일상적인 일에 도움이 필요해요",3350
"최근에 일자리를 잃어서 어려움을 겪고 있는데, 취업 기회를 찾는 데 도움이 필요해요",1762
"저는 노인이고, 자주 외로움을 느끼고 고립되어 있어요",3035
"제 아이가 학교에서 뒤처지고 있고, 사설 과외를 감당할 수가 없어요",2751
저는 소득이 적고 제 아이는 학생입니다,2874
저는 한 부모이고 제 아이는 중학교에 다니고 있습니다,2395
"저희는 경제적으로 어려움을 겪고 있고, 고등학생이 있습니다",3293
"저는 기초 생활 보조금 수급자이며, 초등학교 아이가 있습니다",2062
"우리 가족은 소득이 적으며, 다양한 학년에 다니는 자녀들이 있습니다",2381
제가 유일한 부모로서 고생하면서도 제 아이들에게 영양가 있는 식사를 제공하기가 어렵습니다,2204
저는 신체적 활동에 참여하는 것이 어려운 장애를 가지고 있습니다,2656
"최근에 일자리를 잃어버렸고, 집세와 지불해야 할 요금을 감당하기 어렵습니다",2113
"저는 홀로 사는 노인이며, 종종 외로움과 고립감을 느낍니다",2728
저는 특수 교육을 지원하기 위한 자원을 찾고 있습니다,1461
난 저소득이라 자녀들에게 영양가 있는 식사를 제공하기 힘들어,2032
최근에 일자리를 잃어 가족을 위한 식료품을 구매하는 것이 어려워,3981
노인 부모님이 홀로 사는데 음식을 요리하고 준비하는 것이 어려워해,1521
장애가 있어서 장보기와 요리가 어려워,3400
나는 학생인데 캠퍼스에서 음식을 사긴 힘들어서 종종 식사를 거르곤 해,1897
최근에 일자리를 잃어서 매달림을 겪고 있어요,1920
나는 신체적인 장애가 있어서 대중교통을 이용하기가 어려워요,2308
나는 혼자 부모이고 영양가 있는 식사를 어렵게 제공하고 있어요,2428
나의 노인 부모님이 멀리 살고 있어서 걱정이 돼요,3752
나는 최근에 새로운 도시로 이사를 왔어요,1704
"저는 연령이 늦은 10대 여성이고, 특정 감염을 예방하는 백신에 대해 들어본 적이 있어요",3458
"저는 최근에 18세가 되었고, 저는 저소득층 출신입니다",2449
저는 어려운 상황에서 혼자 아이를 키우고 있는 단위모입니다,3466
"제가 경제적인 어려움으로 기초 생활 지원금을 받고 있는데, 제게 관련된 백신 프로그램에 대한 소문을 들었어요",5164
최근에 어려움에 처한 젊은 여성입니다,2383
최근에 일자리를 잃었고 금전적으로 고민하고 있어요,1954
제 아들은 학습 장애가 있어서 학교 동급생들과 따라가는 데 어려움을 겪고 있어요,2219
저는 한 부모이고 아이를 키우는 것이 어려워요,2199
"최근에 새로운 나라로 이사를 왔고, 제 아이가 학교 체제에 적응하는 데 어려움을 겪고 있어요",2546
제가 저소득층 가정에서 와서 자녀에게 교육 자원이나 교외 활동을 제공할 수 없을 것 같아 걱정이에요,4151
저는 저출산 가정에 태어난 고등학생이고 저에게는 많은 잠재력이 있습니다,2860
우리 가족이 현재 금전적 어려움을 겪고 있고 저는 교육을 이어가는 데 어려움이 있습니다,2094
저는 불리한 배경에서 온 중학생입니다,3440
갑작스러운 비상 사태로 인해 공부에 집중하기 어려운 상황입니다,2865
"저는 재능과 잠재력이 많은 고등학생인데, 제 가족은 제 능력을 발전시키기 위한 필수적인 자원을 제공할 수 없습니다",2382
최근에 정신 건강에 문제가 있어서 도움을 어디에 구해야 할지 모르겠어요,2646
최근에 일자리를 잃어서 경제적으로 힘들어지고 있어요,2508
"저는 장애가 있어서 일상 생활에서 도움이 필요한데, 그런 도움을 제공하는 서비스가 있을까요?",2299
저는 싱글 부모이고 자녀 돌봄에 도움이 필요해요,3599
"소득이 적어서 기본 생활 비용을 감당하기 어려운데, 어떻게 해야 할까요?",3775
나는 최근에 고등학교를 졸업하고 중소기업에서 일하고 있어,2281
나는 큰 회사나 비영리 기관에서 일하고 있고 더 나은 교육을 받고 싶지만 등록금을 절반만 내길 수 있어,2154
"나는 현재 회사에서 일하고 있는데, 내가 계속 교육을 받기 위한 재정 지원 자격 요건을 충족하는지 잘 모르겠어",2240
나는 현재 학기에 학업 성적이 좋고 대학 등록금을 도와주는 장학금에 지원하고 싶어,3299
나는 대학 진학을 희망하지만 비용 때문에 걱정돼,3583
최근에 일자리를 잃어서 청구서를 갚기 힘들어요,1564
저는 신체적 장애가 있어서 일상 생활 도움이 필요해요,2931
저는 싱글 부모이고 어린이 돌보기를 감당하기 힘들어요,3310
소득이 적어서 건강 관리를 할 수 없어요,2268
저는 학비를 낼 수 없어서 고민이에요,1681
저는 자녀를 양육하기 위해 힘들게 살고 있는 싱글맘입니다,3109
"최근 회사 내원으로 인해 일자리를 잃었고, 새로운 취업을 찾는데 어려움을 겪고 있습니다",1762
"저는 혼자 사는 노인이며, 집 안에서 일상적인 일들을 처리하기 어려움을 겪고 있습니다",3756
제가 이동에 어려움을 겪는 장애가 있어 대중 교통을 이용하기 어렵습니다,2967
"낮은 소득 가정에서 온 학생이며, 등록금과 교재비를 감당하기 어렵습니다",3123
"저는 아이를 혼자 키우는 싱글맘인데, 저소득 직장을 가지고 있는데 어린이 돌봄비를 감당하기 힘들어요",4371
저는 최근에 직장을 잃어서 집세를 낼 수가 없어요,2310
저는 저소득 가정에서 온 고등학생인데 대학 등록금을 감당할 수 없어요,3830
저는 장애가 있어서 도움이 필요한데 이동성을 향상시킬 보조기기가 필요해요,2699
"저는 혼자 살고 있는 노인이고, 요리와 청소와 같은 일상적인 일을 하는 것에 어려움을 겪고 있어요",3249
지금은 지역 대학에서 예술 전공으로 3학년 학생인데 등록금과 생활비를 감당하기 어려워요,2883
최근에 대학을 졸업했고 예술 분야에서 진로를 추구하고 싶은데 기술을 발전시키기 위해 재정적 지원이 필요해요,2711
스포츠에 대한 열정이 항상 있었지만 고등학생으로서 스포츠 팀 가입과 관련된 비용을 감당하기가 걱정돼요,3705
장애가 있고 체육 교육을 전공 중이에요,2710
"내 아이는 예술에 재능이 있는데, 미술용품과 수업 비용을 감당하기 힘들어요",4570
나는 인문사회과학을 전공하는 2학년 학생이에요,2981
"나는 대학 3학년을 막 시작했는데, 아직 전공을 확정하기 어려워요",2668
제 가정은 경제적으로 여유가 없어서 학비를 감당하기 어렵습니다,2891
제 성적이 좋고 학점을 높게 유지하고 있습니다,2591
"나는 대학 2학년이고, 팬데믹으로 인해 경제적으로 어려움을 겪고 있어요",3206
나는 최근에 고등학교를 졸업했고 대학에 가려고 하는데 등록금을 어떻게 충당해야 할지 걱정이에요,3613
"나는 여러 해동안 같은 회사에서 일하고 있지만, 스킬을 향상시키고 커리어를 진전시키고 싶어요",2696
나는 한 부모로서 아이들의 생활비와 교육비를 제공하는 데 어려움을 겪고 있어요,2851
"나는 최근에 장애를 가졌고, 일상적인 업무와 독립을 유지하는 데 어려움을 겪고 있어요",2517
나는 혼자 사는 노인이고 자주 외로움과 고립감을 느끼고 있어요,3039
대학생인데 부족한 경제적으로 도움을 받기 위해 파트타임 직장을 구하고 있어요,2724
여름 방학 동안 여유 시간이 있어서 생산적인 활동을 하고 싶은데요,3194
대학생인데 경제적으로 힘들어하고 있어요,2961
공부하면서도 좀 더 돈을 벌고 싶은데 어떤 것이 좋을까요?,3088
앞으로의 직업에 도움이 될 프로그램에 참여하고 싶은데 어떤 것을 추천해 주시겠어요?,4445
"대학생으로서 생활비에 고민이 많은데, 어떤 지원을 받을 수 있는 방법이 있을까요?",1934
"지금 4년제 대학에서 공부 중인데, 재정적으로 도움을 받을만한 아이디어가 있을까요?",2682
"대학 재정적 지원이 필요한데, 대학교 학부생을 위한 특별한 옵션은 없을까요?",2362
대학생인데 생활비를 지원해주는 장학금이나 보조금이 있는지 궁금합니다,2395
대학생으로서 일상 생활비에 도움을 받을 수 있는 장학금은 어디를 찾아봐야 할까요?,2478
"최근에 새로운 도시로 이사를 왔는데, 저렴한 주택을 찾기가 어렵습니다",5453
"저는 한 부모이고, 아이의 교육에 어려움을 겪고 있습니다",2121
"저는 장애가 있어서 의료비를 지원받을 도움이 필요한데, 어떤 곳에서 도움을 받을 수 있을까요?",1447
"저는 저소득층 출신이고, 음식과 옷 같은 기본 생필품을 구매하기가 힘듭니다",3348
"저는 최근 이민자로 이곳의 문화에 적응하는 것이 어려운데, 언어 학습과 통합을 도와주는 프로그램이 있을까요?",1518
"저는 대학 3학년 학생인데, 졸업 후 취업이나 사업을 시작하고 싶어요",2904
"현재 원격으로 대학에 다니고 있는데, 수업료를 도와줄 금전적 지원을 찾고 있어요",2189
대학 3학년을 막 마쳤고 다음 학기 등록금을 받을 수 있는 재정적 지원을 받고 싶어요,3096
"전문대 2학년 학생인데, 앞으로 사업을 시작하는 데 도움이 되는 지원을 받고 싶어요",1815
"대학생인데 재정적 지원이 필요한데, 제 전공이 장학금 지원 대상이 아닌 것 같아요",2975
나는 학생이고 대학교 근처에서 저렴한 주택을 찾고 있어요,4958
나는 장애인이고 적합한 주거를 찾기가 어려워요,1859
나는 도시에 새로 이사왔는데 아무도 모르는 것 같아요,1667
나는 저소득층이고 주거비를 감당하기가 힘들어요,3219
나는 최근에 직업을 잃었고 집세를 내기 어려워요,2433
대학생인데 경제적으로 어려움이 있어요,2961
"최근에 일자리를 잃었는데, 집세를 감당하기 힘들어요",1876
노인 어머니가 혼자 사는데 일상 생활에서 도움이 필요해요,1900
저는 장애를 가지고 있어서 취업에 도움이 필요해요,3030
저는 싱글 부모이고 아이들에게 영양식을 제공하기 어려워요,3824
저는 최근에 일자리를 잃어서 빌을 갚는 데 어려움을 겪고 있어요,1767
"저는 아이를 가진 싱글 부모로, 아이를 제대로 돌볼 수 없는 어려움이 있어요",3861
"저는 도움이 필요한 노인으로, 일상 생활에서의 활동을 지원해주는 돈을 내기 힘들어요",3293
저는 장애가 있어서 움직이는 데 도움이 필요한 특별한 장비가 필요해요,2189
"저는 저소득자로, 영양가 있는 식품을 살 수 없어요",2374
최근에 일자리를 잃었고 빌을 갚기 힘들어졌어요,2558
노인 부모님이 심각한 병을 진단받았고 정기적인 의료 관리가 필요해요,2815
저는 싱글 부모이고 어린 아이가 있어요,3895
저는 최근 교통사고로 등을 다쳤어요,2790
가족과 저는 최근 예기치 못한 사정으로 노숙 상태가 됐어요,1743
"대학생인데, 돈을 마련하여 등록금을 내기가 어려워요",3080
"저는 장애를 가지고 있고, 취업을 찾는 데 어려움을 겪고 있어요",2330
제가 최근에 일자리를 잃어서 생계유지에 어려움을 겪고 있어요,1760
"저는 혼자 자녀를 키우고 있는데, 저와 같은 가정을 위한 지원이 있는지 알고 계세요?",3207
저는 노인이 되어서 일상적인 일들을 혼자 처리하기가 힘들어요,3191
최근에 일자리를 잃었고 청구서를 갚는 데 어려움을 겪고 있어요,2118
요즘 매우 불안하고 스트레스 받는 기분이 들어 일상생활에 영향을 주고 있어요,2162
제 아이는 학습 장애가 있어 학교에서 고민을 겪고 있어요,2392
저는 싱글 부모이고 일하는 동안 육아 도움이 필요해요,3487
저는 노인이고 가사 일과 잡일에 도움이 필요해요,2701
최근에 일자리를 잃어서 생활이 힘들어지고 있어요,1653
만성 질병이 있어서 계속해서 치료를 받아야 해요,1891
"저는 싱글 부모이고, 일과 아이 돌봄을 맞추는 게 어려워요",3505
"최근에 장애를 얻었는데, 새로운 환경에 적응하는 게 어렵네요",3702
저는 혼자 사는 노인이에요,3494
"심각한 혈액 장애 진단을 받았는데, 이로 인해 군 복무에 영향을 받고 있습니다",2671
난치성 면역 결핍 장애가 있어서 군 복무가 어렵습니다,2382
몇 년 전에 심한 백혈병 진단을 받았습니다,2076
저는  병이 있어서 부신 기능에 영향을 받습니다,2759
암을 앓았고 화학 요법을 많이 받았습니다,1272
저는 현재 실직 중이고 가족을 경제적으로 지원하는 데 어려움을 겪고 있어요,2652
최근 만성 질병이 진단되어 의료비를 관리하는 데 도움이 필요해요,3497
저는 혼자서 아이를 돌보고 일을 하기가 어려워요,3748
"저는 노인이고 혼자 사는데, 외로움과 고립감을 느끼고 있어요",3041
저는 장애가 있어 대중 교통을 이용하는 데 도움이 필요해요,3104
최근에 갑작스럽게 일자리를 잃었어,1865
현재 일에 대해 매우 스트레스 받고 과부하를 느끼고 있어,2787
"장애를 가지고 사는데, 일상 생활에서 요리, 청소, 이동하는 것과 같은 활동에 도움이 필요해",2165
"최근에 싱글 부모가 되었고, 일, 아이 돌보기, 가사 일을 균형 있게 해내기가 어려워",3627
저는 노인이고 자주 외로움과 고립감을 느끼고 있어요,3376
"최근에 일자리를 잃었고, 경제적으로 고민이 되고 있어요",1316
"저는 50대 초반인데, 오랫동안 일자리를 찾지 못하고 있어요",2338
"저는 싱글 부모이고, 생계 유지에 어려움을 겪고 있어요",3251
저는 장애를 가지고 있어서 일할 수 없어요,2337
저는 노인이고 소득이 제한적이에요,2700
"최근에 은퇴했는데, 건강 보험 비용이 크게 올랐어요",2402
"일을 그만두었는데, 건강 보험 보장을 예전 가격으로 유지하고 싶어요",1867
"1년 이상 한 회사에서 일했는데, 이제 퇴사하게 되었어요",2520
은퇴 후에 건강 보험 비용이 예전보다 높아졌어요,2625
"최근에 은퇴했는데, 건강 보험 비용이 올라갔어요",2400
구직할 때 많은 어려움을 겪고 있어요,2626
저는 젊은 성인이고 취업을 찾는데 운이 좋지 않아요,4615
팬데믹으로 인해 일자리를 잃었고 지금은 재정적인 어려움을 겪고 있어요,1650
장애인으로서 고용을 구하는 것이 어려워요,3241
저희 가족은 현재 재정적인 어려움을 겪고 있어요,1600
최근에 직장을 잃어서 신규 취업을 찾는 것이 어렵습니다,2464
한 부모로서 지출을 감당하기 힘들어서 육아비용을 감당할 수 없습니다,1859
시니어 시민으로서 활동적이고 사회와 연결된 활동을 찾고 있습니다,2446
장애를 가진 개인로서 독립적으로 생활하기 위해 지원이 필요합니다,2278
생필품과 같은 기본적인 필요품을 구매하기 힘들어서 저소득 가정입니다,3887
최근에 집행 유예 기간을 마쳤는데 취업을 어려워하고 있어요,2186
"저는 장애를 가지고 있고, 직접 사업을 시작하고 싶어요",2665
저는 어려운 배경을 가진 청년이라서 진로 상담을 도와주시면 좋겠어요,2256
"저는 한 부모이고, 가족을 지원하기 위해 금전적인 도움이 필요해요",2370
"저는 가정 폭력의 피해자이고, 제 인생을 재구축하기 위해 도움이 필요해요",2318
최근에 일자리를 잃어서 생계 유지에 어려움을 겪고 있어요,4215
저는 장애가 있어서 일상 생활에 도움이 필요해요,1908
저의 노인 부모님이 교통이나 일일 업무에 도움이 필요해요,1501
저는 싱글 부모이고 제 아이를 저렴한 양육 시설에 맡겨야 해요,3271
저는 저소득층 학생이라 교과서를 구매할 돈이 없어요,1845
나는 일자리를 찾고 아이들을 지원하기 어려운 싱글맘입니다,4368
1년 이상 실직 중이며 안정된 일자리를 구하기가 어렵습니다,2043
장애인으로 일하고 살 수 있는 기회를 찾고 있습니다,2088
최근에 북한에서 도착했고 남한에서 일자리 구하는 데 도움이 필요합니다,1732
55세 이상 경로우대자로서 적합한 일자리를 찾는데 어려움을 겪고 있습니다,2633
현재 의료 지원을 받고 있는 소득이 낮은 개인입니다,2062
저희 가정은 주택 및 교육 혜택을 받고 있는 소득이 낮은 가정입니다,5435
저희 가정은 주택 및 교육 혜택을 받고 있는 소득이 낮은 가정입니다,5435
저는 주택 및 교육 혜택을 받고 있는 소득이 낮은 개인입니다,5465
저는 소득이 낮은 개인로서 복지 혜택을 받고 있어요,3354
저는 안정된 직장이 있고 앞으로의 미래를 위해 저축을 시작하고 싶어요,1478
저는 저소득 근로자이고 추가적인 금융 지원이 필요해요,2221
저는 장애인이고 기술 향상과 취업을 도와주는 지원이 필요해요,3358
저는 자녀를 양육하기 어려운 싱글 부모입니다,2583
저는 노인이고 일상 생활과 건강 관리에 도움이 필요해요,3051
저는 최근에 일자리를 잃었고 생활비를 감당하기 힘들어요,2183
저는 장애가 있어서 적절한 일자리를 찾는 것이 어려워요,2007
저는 저소득층의 싱글 부모입니다,2572
저는 소기업주이고 재정을 관리하고 사업을 향상시키는 방법에 대한 안내가 필요합니다,2159
저는 최근에 배우자를 잃어서 정서적으로 힘들어요,2142
"저는 소득이 적은 싱글 부모이며, 아이의 필요한 것들을 제공하기 어렵습니다",4293
저는 장애가 있어 안정된 직장을 구하는 것이 어려워 경제적으로 어려움을 겪고 있습니다,2660
"저는 수입이 변동적인 자영업자이며, 가족을 지원하기 위해 도움이 필요합니다",3384
저는 노령인으로 한정된 연금 수입으로 일상 생활을 유지하기 어렵습니다,2960
최근에 일자리를 잃어 월세를 감당할 수 없습니다,1547
저는 최근에 엄마가 되어 아기를 돌보기 위해 일을 그만두었어요,3948
저는 이전에 일한 적이 없어서 취업에 대해 어떻게 해야 할지 감이 안 잡혀요,5426
"가족을 돌보기 위해 경력을 일시적으로 중단했고, 이제 다시 직장 생활에 복귀하고 싶어요",2598
"저는 직접 사업을 시작하고 싶은데, 성공적으로 이뤄내기 위해 지침과 지원이 필요해요",3032
"다양한 개인적인 이유로 인해 일을 장기간 하지 않았는데, 기술을 업데이트하고 취업 기회를 높이기 위한 도움이 필요해요",3199
최근에 사업을 시작해서 성장을 도와 줄 종합적인 지원을 찾고 있어,4594
"좋은 사업 아이디어가 있는데, 회사를 설립하는 방법을 모르겠어요",3935
"사업을 2년 동안 운영하고 있는데, 일부 지원과 지도를 받는 것이 도움이 될 것 같아요",1781
"비즈니스 아이디어에 대해 작업할 장소가 필요한데, 사무실을 빌릴 돈이 없어요",2006
"비즈니스에서 몇 가지 문제가 발생하고 있는데, 전문 조언을 받아 이를 극복하고 싶어요",4494
저는 작은 사업을 운영하고 있는데 해외 시장으로 확장하고 싶습니다,4633
저는 여성 기업가이고 수출은 처음이라 수출 역량을 향상시키고 사업 성과를 높이고 싶습니다,2794
저는 제품을 선보이고 국제 시장을 탐색하기 위해 국제 무역 박람회에 참여하고 싶습니다,5189
"수출 교육부터 마케팅, 사후 관리까지 수출에 관련된 다양한 측면에서 지원이 필요합니다",5246
여성 기업가를 위한 국제 무역 분야에서 특별히 맞춤화된 지도와 멘토링을 찾고 있습니다,2894
"최근에 내 비즈니스를 시작했는데, 여성 소유 기업을 위한 정부 지원 프로그램이 있는지 궁금해요",2657
여성 소유 기업들은 공공조달에서 이점이 있다고 들었어요,2763
"비즈니스를 확장하고 싶은데, 여성 소유 기업을 위한 특별한 지원이 있다고 들었어요",2779
정부의 지원을 통해 비즈니스를 성장시키고 싶습니다,3098
여성 기업주로써 여성 소유 기업을 위한 자금 지원 기회를 활용하고 싶습니다,2771
여성 기업인으로 제 비즈니스를 확장하고 영업 전략을 개선하고 싶어요,2769
작은 사업을 운영하고 있고 소셜 미디어 광고를 통해 온라인 프레즌스를 증대시키고 싶어요,3877
여성 소비재를 생산하는 여성 사업주인데 새로운 판매 채널을 모색하고 싶어요,2885
전자 상거래 플랫폼을 통해 제품을 효과적으로 마케팅하는 방법에 대한 지도가 필요해요,4604
경험있는 전문가로부터 영업 전략 최적화에 대한 맞춤형 조언을 얻고 싶어요,2864
"나는 사업을 시작하려는 여성인데, 어떻게 시작해야 할지 잘 모르겠어요",2935
"저는 여성 기업가로써 최근에 사업을 시작했는데, 투자자를 유치하기 어려워요",2779
"여성 기업가로써 몇 년 동안 사업을 운영하고 있지만, 더 많은 지도를 받아 다음 단계로 나아가고 싶어요",2792
저는 사업을 시작하고 싶지만 초기 자금이 부족해요,2480
"최근에 여성 기업가로 사업을 시작했는데, 유사한 사람들과 연결되고 전문적인 네트워크를 넓히고 싶어요",2538
45세 기업가인데 새로운 사업을 시작하려고 해요,4988
곧 은퇴할 예정이고 새로운 모험을 시작하고 싶은 50세 직원이에요,4487
기술 배경이 있는 42세 개인인데 혁신적인 아이디어를 가지고 있어요,2209
다른 사람들을 위해 일하는 몇 년 후에 스스로 사업을 시작할 수 있는 가능성을 탐색하고 싶은 48세 전문가에요,6278
곧 은퇴할 예정이고 창업을 다음 인생의 단계로 삼고 싶은 55세 개인이에요,4523
저는 50세 이상이고 이전 직장에서 3년 이상의 경험이 있습니다,2457
최근에 은퇴했고 시간이 많이 남았어요,2062
저는 특정 분야에서 광범위한 경험을 가지고 있고 은퇴 후에도 계속 일하고 싶습니다,2626
저는 60대 후반인데도 아직 많은 에너지가 있어요,3262
다른 사람들을 도우며 지역사회에 참여하는 것을 즐기고 있습니다,3532
"저는 최근에 직장을 잃어버렸고, 제 나이에 맞는 적절한 일자리를 찾는 데 어려움을 겪고 있어요",2032
저는 경험 있는 50대 이상의 인재를 고용하려고하는 소기업 주인이에요,2345
"저는 중소기업을 운영하고 있고, 노인 구직자들에게 일자리 기회를 제공하고 싶어요",2019
"노인 고용을 촉진하는 정부 지원 프로그램에 대해 들어본 적이 있는데, 더 자세한 정보를 제공해주실 수 있나요?",2338
노인 구직자를 고용하는 사업주로서 금전적 지원을 받을 수 있는 프로그램이 있는지 궁금합니다,2750
나는 최근에 65세가 되었는데도 아직 일하고 있어요,2820
"나는 중소기업을 운영하고 있고, 은퇴 후에도 근로자를 고용하고 싶어요",2634
나는 은퇴한 근로자들도 일하면서 금전적인 지원을 받을 수 있는 프로그램이 있다는 소문을 들었어요,2941
"나는 사업주이며, 은퇴 후에도 근로자들을 지원하고 싶어요",3262
은퇴 후에도 연로한 근로자들을 고용하고 싶은 사업주들을 위한 어떤 지원이 있는지 궁금해요,2547
"나는 사업주이고, 회사에서 연로한 직원들의 수가 증가하고 있다는 것을 알았어요",2799
"저는 최근에 은퇴했는데, 다시 일할 기회를 찾고 있어요",4396
"저는 은퇴 후에도 활동적이고 사회에 기여하고 싶은데, 특별한 기술이나 자격증이 없네요",4202
"저는 학교 근처에 살고 있는데, 어떤 방식으로 도움을 줄 수 있을까요?",1996
나는 문화유산 보존에 대한 열정이 있어요,1180
최근에 대학을 졸업하고 일자리를 찾는 데 어려움을 겪고 있어요,2643
"고령의 부모님이 혼자 사시고 일상적인 일들에 도움이 필요하지만, 제가 제공할 수 없어요",2443
저는 이동에 문제가 있는 장애가 있어서 의료 검진을 위한 교통수단을 찾기 어렵습니다,3259
저는 싱글 부모이고 일하면서 어린이 돌봄에 돈을 내기 힘들어요,3923
최근에 일자리를 잃어 생계 유지에 어려움을 겪고 있어요,2054
학교를 마치고 실무 경험을 쌓고 싶어요,3103
우리 회사에 최근에 경험이 별로 없는 새 직원이 입사했어요,3035
제 신체적 장애로 인해 제 필요에 맞는 일자리를 찾고 싶어요,1703
"저는 바쁜 직장인이고, 재정 관리에 도움이 필요해요",1718
"최근 일자리를 잃었고, 새로운 일자리를 찾는데 어려움을 겪고 있어요",2260
"나는 방금 고등학교를 졸업했고 일자리를 찾고 싶은데, 경력이 없어요",2948
최근에 직업 훈련 프로그램을 마쳤지만 분야에서 일자리를 찾는 데 어려움을 겪고 있어요,4296
"작은 회사에서 몇 년간 일하고 있지만, 진로를 나아가기 위해 추가적인 기술이 필요하다고 느껴져요",3380
저는 현재 실업 중이고 일자리를 찾기 어려워요,1996
저는 장애가 있어서 제 필요를 반영해 줄 수 있는 일자리를 찾는 데 어려움을 겪고 있어요,2028
최근에 특성화 고등학교를 졸업했는데 취업을 위한 도움이 필요해요,2166
저는 장애가 있어서 취업 지원을 받고 싶어요,2951
학교를 중퇴했는데 이제 기술을 향상시키고 취업하려고 해요,3474
저는 사업을 시작하고 싶은데 어디서부터 시작해야 할지 잘 모르겠어요,4862
제가 방금 군복무를 마치고 진로에 대해 확신이 없어요,1705
"나는 최근에 고등학교를 졸업했고, 다음에 무엇을 해야 할지 잘 모르겠어요",2240
나는 고등학교 졸업생의 부모로서 취업 기회를 찾는데 도움을 주고 싶어요,1627
"나는 직업 학교에서 강사로 일하고 있고, 졸업 후의 취업 기회에 대해 학생들에게 더 많은 자료를 제공하고 싶어요",2236
우리 회사는 교육 기관과 협력하여 고등학교 졸업생을 채용하고 싶어요,1903
"나는 최근에 고등학교를 졸업했고, 특히 고등학교 졸업생을 위한 취업 기회를 찾고 싶어요",2182
"최근에 대학을 졸업했고, 취업을 찾고 있어요",2799
"오랫동안 같은 회사에서 일하고 있는데, 변화가 필요하다고 느껴져요",2115
저는 장애가 있어서 필요에 맞게 일자리를 찾고 싶어요,2910
"저는 전업 주부였지만, 이제 아이들이 커서 다시 직장에 들어가고 싶어요",4885
저는 소규모 사업주이고 네트워크를 확장하고 사업을 효과적으로 관리하는 데에 대해 더 알고 싶어요,3795
나는 고등학교를 중퇴한 19세입니다,3193
최근에 팬데믹으로 인해 일자리를 잃었고 이제 생활을 힘들게 유지하고 있어요,1448
나는 몇 년 동안 학교에 다니지 않은 22세입니다,5381
나는 요리에 열정이 있고 항상 식품 산업에서 일하고 싶었어요,2399
나는 학교에 가거나 쉽게 직장을 찾을 수 없는 장애가 있어요,2546
"저는 컴퓨터 과학 학위를 가진 최근 졸업생인데, 테크 업계에서 일자리를 찾기 어렵습니다",2364
"저는 현재 호텔업에 종사하고 있지만, 기술을 향상시켜 경력을 쌓고 싶습니다",3637
"저는 제조업에서 일하고 있는데, 스마트 제조 기술에 대해 더 배우고 싶어서요",3191
"디자인과 창의적 콘텐츠에 빠져 있지만, 이 분야에서 경력을 쌓기 위해 더 많은 지식과 기술을 습득하고 싶습니다",4545
"저는 자동차 산업에서 일하고 있는데, 최신 기술 동향에 맞춰 기술을 업그레이드하고 싶습니다",4156
"최근에 대학을 졸업했고, 디지털 산업에서 취업하고 싶어요",2445
"저는 현재 중소기업 주인으로 일하고 있지만, 경쟁력을 유지하기 위해 디지털 기술에 대한 지식이 더 필요하다고 느껴져요",2092
"저는 공무원으로 일하고 있는데, 더 나은 공공 서비스를 제공하기 위해 스킬을 업그레이드하고 싶어요",2427
"저는 집에서 아이를 돌보는 주부인데, 다시 일자리로 복귀하고 싶어요",3248
저는 빠르게 변화하는 세상에서 새로운 기술을 배우고 연결되어 있고 싶어요,2944
대학생입니다,3007
졸업한 지 얼마 안된 신입사원입니다,1825
"비즈니스 아이디어는 있지만, 성공적인 사업으로 만들기 위한 필수적인 기술과 지식이 부족합니다",3857
네트워크를 확장하고 다른 기업가들과 잠재적인 투자자들과 연결하고 싶습니다,2482
"자체 비즈니스를 시작했지만, 고객을 유치하고 새로운 기회를 찾는 것에 어려움을 겪고 있습니다",4308
최근에 대학을 졸업했는데 취업을 하기가 어렵습니다,2802
여러 해 동안 같은 직장에서 일하고 있는데 변화를 원합니다,2906
젊은 전문가로서 국제적인 직장 경험을 쌓고 싶습니다,5030
저는 저소득층 출신이고 안정된 일자리를 찾기가 어렵습니다,1793
장애가 있지만 성공적인 경력을 갖고 싶습니다,3585
일자리를 찾고 있어 몇 달째인데 별로 행운이 없어,2724
"나는 창업을 시도하는 젊은 기업가인데, 사업을 시작하기 위해 재정적인 지원이 필요해",3065
"최근에 학교를 졸업했고, 취업을 찾고 있는데 어렵네요",4356
일자리 기회가 제한적인 지역에서 살고 있어서 안정된 취업을 찾는 게 어려워요,1790
나는 신체적인 장애가 있어서 내 요구를 수용해 줄 의사가 있는 고용주를 찾는 게 어려워요,2410
"일 중에 부상을 입었고, 오랫동안 의료 치료를 받아왔습니다",1788
장기적인 장애가 있어 곧 일에 복귀할 계획입니다,2107
최근에 일 중에 부상을 입고 아직 회복 중입니다,1727
일하는 능력에 영향을 주는 장애가 있습니다,3760
"오랜 기간의 질병으로 회복 중이고, 직장으로 복귀하려고 합니다",2525
작은 회사에서 일하고 월 평균 수입은 260만 원 이하입니다,2632
저는 예술가이고 월 수입이 260만 원 아래입니다,2074
저는 프리랜서로 일하는데 월 수입이 260만 원 미만입니다,2187
10명 미만의 직원을 고용하고 있는 소규모 사업자입니다,1906
10명 이상의 직원을 고용하는 회사에서 일하고 있지만 월 수입이 260만 원 아래입니다,2166
전통적인 시골에서 농사를 짓고 있는 농부입니다,2520
저는 시골 지역에서 어업에 종사하고 있습니다,4014
"저는 농촌 지역에서 생활하고 있으며 농사를 짓고 있는데, 제 건강 보험 납입에 어떤 지원이 있는지 알 수 있을까요?",3188
저는 산림 업계에서 일하고 농촌 지역에 거주하고 있습니다,2609
저는 농부이며 시골에서 생활하고 있습니다,3331
내가 농부로 일하고 있는데 국민연금 보험료를 내기 힘들어요,2006
난 오랜 기간 동안 어업에 종사하고 있지만 수입이 일정하지 않아요,3041
최근에 자영업을 시작했는데 건강보험료를 감당하기 힘들어요,3114
난 저소득 근로자로서 주택 임대료를 감당하기 힘들어해요,2850
난 장애인이고 취업에 도움을 받고 싶어요,3027
"최근에 작은 농장을 시작했고, 일하는 동안 사고나 부상을 걱정하고 있어요",2697
저는 혼자서 자녀를 키우면서 어려운 생활을 하고 있어요,3389
제가 장애가 있어서 움직이기가 어려워요,1513
"최근에 일자리를 잃어버렸고, 취업을 찾는 데 어려움을 겪고 있어요",2079
"저는 고령자이고, 홀로 살고 있어요",2362
저는 독신 엄마로 매일 직면하는 어려움에 고민하고 있어요,2162
"최근에 장애가 생겨 일상 생활에서의 도움이 필요한데, 어디에 도움을 요청할 수 있는지 잘 모르겠어요",2306
제 소득이 적어 건강 보험에 가입할 돈이 없어요,2021
저는 혼자 사는 노인이고 외로움과 고립감을 느끼고 있어요,3038
최근에 직장을 잃어버렸고 취업에 어려움을 겪고 있어요,2095
"최근에 해안 지역에서 낚시 배 주인이 되었는데, 내게 적용 가능한 보험 옵션이 있는지 잘 모르겠어요",3943
"나는 해산물을 바다로 운송하는 일을 하고 있어서, 내게 어떤 지원 서비스가 있는지 궁금해요",3824
나는 어선 주인이고 보험에 도움을 받을 수 있는 서비스가 있는지 찾고 있어요,2876
내 낚시 배에 대해서 어떤 보험이 있는지 확실하지 않아요,1836
"요즘 해안 지역에서 낚시 배 소유를 시작했는데, 내게 적용 가능한 보험 옵션이 있는지 궁금해요",2519
"나는 싱글맘이고, 전체 근무 시간을 다니고 있어요",5844
"최근에 새로운 도시로 이사를 왔는데, 여기에는 친구나 가족이 없어요",1768
"제 할머니는 혼자 살고 있는데, 요리나 청소와 같은 기본적인 일에 자주 어려움을 겪어요",2079
저는 신체적 장애가 있어서 몇 가지 일을 혼자서 하는 게 어려워요,2570
"최근에 일자리를 잃었는데, 생활비를 마련하는 데 어려움을 겪고 있어요",1835
최근에 큰 사고를 당해 농사를 계속할 수가 없게 되었어요,1561
아버지께서 심각한 질병을 진단 받으셔서 농장을 관리할 수 없으세요,2334
저는 여성 농부이고 최근 농업 교육 과정에 참여했어요,2373
전염병 검사에서 양성 판정을 받았고 격리 중입니다,1830
저는 며칠 동안 입원 중이고 잠시 동안 농사 일을 할 수 없을 거예요,2657
"저는 소득이 적은 65세 여성으로, 알츠하이머병 진단을 받았습니다",2098
아버지가 70세이고 치매 진단을 받았습니다,2418
노인 어머니를 돌보고 있습니다,2962
저는 초기 단계의 치매를 앓고 있는 55세 남성입니다,3092
"최근 할아버지가 치매 진단을 받았고, 약물 및 의사 방문 비용에 어려움을 겪고 있습니다",1334
최근에 일자리를 잃어서 생계비를 충당할 도움이 필요해요,1416
소득이 적어서 생활을 꾸리기 어려워요,2908
"저는 소상공인인데, 사업을 확장하기 위해 대출을 찾고 있어요",2742
장애를 가지고 있어서 일자리를 찾기 어렵습니다,1557
저는 한부모로서 아이들을 지원하기 어렵습니다,2580
나는 내 재정을 관리하는 데 어려움을 겪고 있고 예산을 짜고 돈을 저축하는 방법을 배우고 싶어,2934
나는 빚에 압도되어 있고 대출을 효과적으로 관리하고 상환하는 데 대한 지침이 필요해,2758
나는 소기업 주인이고 비즈니스를 위한 자금 옵션을 이해하고 활용하는 데 도움이 필요해,5042
나는 최근 금융 사기나 사기에 당했고 앞으로의 사건에서 나를 보호하는 방법에 대해 교육받고 싶어,2349
나는 재정 위기에 처해 있고 지원 프로그램과 복지 혜택에 대한 정보가 필요해,2347
"저는 최근에 대학을 졸업했는데, 제 전공 분야에서 일자리를 찾는 데 어려움을 겪고 있어요",2531
제 노인 부모님은 경제적으로 힘들어하고 생활비에 도움이 필요해요,3612
저는 교통사고로 다쳤고 의료비를 지불하는 데 어려움을 겪고 있어요,3134
제가 장애가 있어서 집을 보다 접근하기 쉽게 개조하는 데 도움이 필요해요,1457
최근에 일자리를 잃어 내 생활을 유지하기가 어렵습니다,2150
"저는 최근에 일자리를 잃어버렸고, 다음에 어떻게 해야 할지 모르겠어요",1945
저는 혼자서 아이를 키우며 어려움을 겪고 있어서 생계를 유지하고 아이들을 부양하기가 힘들어요,4261
요즘 기분이 많이 우울해지고 있어서 이야기 할 누군가가 필요해요,2719
저는 장애가 있어서 접근 가능한 주택을 찾는데 어려움을 겪고 있어요,1409
제 아이가 학교에서 고민을 겪고 있어서 추가적인 지원이 필요해요,1813
나는 대학을 졸업했지만 경험이 적고 수입도 낮아서 취업에 어려움을 겪고 있어요,2806
저는 소규모 건설 회사에서 일하는데 적합한 젊은 인재를 구하는 데 어려움을 겪고 있어요,2569
거의 1년 동안 일자리를 구하지 못하고 있어서 최근의 고용 기록 부족으로 취업 기회가 제한될까 걱정돼요,2521
"저는 장애가 있는 최근 졸업생이고, 저와 같은 특별한 상황으로 취업 시장을 어떻게 뒤적여야 할지 잘 모르겠어요",3930
저는 미래를 위해 저축을 시작하고 싶지만 저는 많은 저축액이 없어요,3538
